id,first_name,last_name
1,Mandel,Daymont
2,Mead,Messenbird
3,Melanie,Wibberley
4,Adair,Smallridge
5,Ruthy,Eslie
6,Bell,Pitford
7,Madge,Elmer
8,Ema,Beglin
9,Mariette,Sappell
10,Salvidor,Powdrill
11,Gal,Rantoull
12,Josepha,Vlies
13,Devon,Verni
14,Wilburt,Lintill
15,Goldia,Lowensohn
16,Tabbi,Kehri
17,Ursola,Lesurf
18,Cordey,Ofen
19,Kimmy,Bernardelli
20,Madelon,Belamy
21,Franchot,Huguenet
22,Brena,Easby
23,Annecorinne,Bartali
24,Sybille,Ambrogioni
25,Orsola,Jaqueme
26,Cecile,Tertre
27,Joelynn,Bayle
28,Teresa,Rexworthy
29,Alaric,Hegden
30,Fianna,Eastbury
31,Elbertine,Plaister
32,Carolyne,Moxsom
33,Gray,Delcastel
34,Kristoforo,Cawkill
35,Ferdinande,Rottgers
36,Ashla,Watford
37,Gav,Risebrow
38,Gilli,Calvie
39,Maureene,Danilowicz
40,Mallory,McCraw
41,Vernen,Abramowitz
42,Tabby,Everley
43,Raphaela,Gyngyll
44,Ashien,Gibbett
45,Ivar,Meadows
46,Dimitri,Leak
47,Ty,Patman
48,Lizbeth,Petche
49,Ronny,Duhig
50,Garwin,Tinniswood
51,Valerie,Cuel
52,Harvey,Carlill
53,Kalie,Kitlee
54,Lilli,Shegog
55,Maureen,Head
56,Arluene,Husk
57,Hilde,Nore
58,Emyle,Baiden
59,Joelle,Follen
60,Corena,Venus
61,Gradey,Bennough
62,Dicky,Vallerine
63,Rodolphe,Bryett
64,Gibby,Yakunchikov
65,Kandy,Moiser
66,Marijn,Chasier
67,Lorens,Andreu
68,Jude,Valti
69,Barr,Capnerhurst
70,Gabriele,Illes
71,Hector,Heak
72,Sylvester,Chinery
73,Solly,Faich
74,Rachele,Eilert
75,Liane,Banasik
76,Ebonee,Gaythorpe
77,Rhett,Sedgman
78,Kimbell,Irnis
79,Petrina,Peasby
80,Alena,Gaskin
81,Deloris,Wastell
82,Kaitlyn,Mulvenna
83,Carolyne,Ebbings
84,Winfield,Pilfold
85,Lanni,Leeves
86,Mortie,Denning
87,Fred,Cesconi
88,Gaynor,Derington
89,Idalia,Broszkiewicz
90,Glyn,Whatley
91,Leda,Cheine
92,Bent,Bearne
93,Carl,Burditt
94,Rutledge,Tue
95,Loralyn,Grave
96,Davidson,Kilgallen
97,Aundrea,Fresson
98,Rouvin,Scrivner
99,Helyn,O'Hare
100,Faulkner,Arnoldi
101,Guglielma,Pontin
102,Martynne,Wrey
103,Gaultiero,Tanman
104,Avram,Danielot
105,Evey,Mitchell
106,Pyotr,Yukhnin
107,Sibel,Ferson
108,Far,Stanbro
109,Marc,Gammill
110,Avrom,Antonetti
111,Elijah,Walls
112,Minnnie,Grayshan
113,Nike,Leyman
114,Lucy,Lacroux
115,Waldo,Truse
116,Osbert,Greeson
117,Francesca,Danelutti
118,Faulkner,Killingback
119,Franny,Gillcrist
120,Rudd,McCarthy
121,Orbadiah,Woolam
122,Vitia,Ingray
123,Amelie,Doubleday
124,Tiffie,Neilus
125,Alphonse,Yearn
126,Hunter,Begwell
127,Fiann,Danskine
128,Vannie,Lotte
129,Odie,Rumford
130,Angele,Lesurf
131,Luciano,Strangwood
132,Maxy,Gaucher
133,Selina,Standbridge
134,Ferdinand,Stribbling
135,Ora,Tysack
136,Jo-ann,Longcaster
137,Elisha,Ducaen
138,Ruprecht,Raye
139,Tann,Steinor
140,Dorita,Mattioni
141,Caron,Boggers
142,Catlin,Pilch
143,Ranna,Elmar
144,Brose,Cobelli
145,Ashton,Disbury
146,Harlie,Halliberton
147,Wrennie,Vaneev
148,Etti,Stuckes
149,Nicholas,Gouck
150,Ruby,Owain
151,Russ,Venturoli
152,Brunhilde,Huscroft
153,Kerrin,Filochov
154,Gonzalo,Quade
155,Waring,Asple
156,Vivien,Giberd
157,Corinna,Hainey`
158,Cherida,Croizier
159,Sutherlan,Dows
160,Gavin,Kitchingham
161,Julian,Wallhead
162,Yoshi,Hiddsley
163,Zorina,Hannay
164,Pen,Manvelle
165,Montague,Linkin
166,Pascale,Nemchinov
167,Shelden,Huxham
168,Terra,Salleir
169,Rasla,Cockshoot
170,Fionna,Calver
171,Robinette,Fetherston
172,Bord,McCalum
173,Clementine,Burrow
174,Jermaine,Orton
175,Jenine,Collis
176,Stefania,Olding
177,Aubry,Crysell
178,Katrina,Pearle
179,Shelby,Probbing
180,Papageno,Saill
181,Arvin,Kendred
182,Eadie,Gell
183,Winonah,Lawtie
184,Jackqueline,Segar
185,Aloysius,Rowney
186,Dukie,Bridgland
187,Brockie,Marusik
188,Agneta,McInteer
189,Corty,Abbate
190,Jelene,McTague
191,Catlee,Totterdell
192,Renaud,Hodges
193,Frannie,Schimke
194,Alain,Devita
195,Jackson,Form
196,Theadora,Blaxley
197,Berti,Lawland
198,Stanford,Alekhov
199,Zebulen,Ailmer
200,Curtice,Blakeney
201,Tymon,Lockyear
202,Tandie,Woodhall
203,Hilliard,Lodo
204,Kylie,Houten
205,Frederico,Wardle
206,Vern,Robroe
207,Cecilla,Cressor
208,Fulvia,Stormes
209,Marnia,Parken
210,Rachele,Bemrose
211,George,Prendergrast
212,Dynah,Bravery
213,Bat,Rubinlicht
214,Fran,Rotherham
215,Launce,Spolton
216,Katheryn,Cleverley
217,Ancell,Brough
218,Elyse,Penrose
219,Livvy,Nelsen
220,Selena,Skin
221,Brooke,Ivanchov
222,Felic,Mawdsley
223,Shanie,Simm
224,Tristan,Jeacocke
225,Filippa,Gallop
226,Norene,Axten
227,Siana,Wegner
228,Imelda,Frow
229,Dorene,Millward
230,Jordon,Guiu
231,Julissa,Cowburn
232,Filippo,Lount
233,Yelena,Arsmith
234,Chelsea,Fritschel
235,Gerry,Hunn
236,Zea,Mesias
237,Leif,Tures
238,Mark,Basketfield
239,Shayla,Portman
240,Jayson,Cabral
241,Avril,Roskam
242,Osborne,Hiscoke
243,Orrin,Glasscoe
244,Robin,Tradewell
245,Corey,Wade
246,Allard,Zuanazzi
247,Corrina,Winchester
248,Arleen,Ritch
249,Elsa,Fraulo
250,Viviyan,Maffione
251,Agnese,Schuricke
252,Farley,Turmall
253,Ninnette,Speaks
254,Harlin,Elfleet
255,Cloe,Aggett
256,Letizia,Hows
257,Vilhelmina,Cauderlie
258,Bidget,Meakes
259,Gerianne,Dominico
260,Darwin,Gambles
261,Constancy,Glasbey
262,Howey,Cannan
263,Mehetabel,Mehmet
264,Elston,Peepall
265,Nissy,Timlin
266,Vinita,Huyche
267,Jamaal,Whitehouse
268,Hedvig,Kleine
269,Honey,Labern
270,Tome,MacRinn
271,Elysee,Shrieve
272,Gordon,Gronowe
273,Stanly,Jiran
274,Nils,Wardall
275,Ebony,Beldan
276,Erica,Fritschel
277,Sharona,Ross
278,Feodora,Cregan
279,Ingaberg,Ropkins
280,Berni,Tevlin
281,Yoshi,Elener
282,Berrie,Sachno
283,Marisa,Scargle
284,Sanson,Gottelier
285,Darby,Castagnaro
286,Maxie,Vernay
287,Van,Goad
288,Huntlee,Rubinsaft
289,Clemmie,Hann
290,Caresse,Rippon
291,Angelique,Nan Carrow
292,Collete,Cowdray
293,Creighton,Heighway
294,Jock,Birbeck
295,Mirilla,Shingles
296,Olympia,Robardet
297,Gib,Petrolli
298,Shaylyn,Basford
299,Felicio,Hasson
300,Chelsey,Alexsandrev
301,Corbin,Heeron
302,Maison,Moncarr
303,Calla,McCutcheon
304,Allan,Hentzer
305,Etan,Gronav
306,Samuel,Tolley
307,Alvis,Lovering
308,Ganny,Kuhnwald
309,Philomena,Hexam
310,Hartley,Driutti
311,Selby,Aronson
312,Debra,Kettles
313,Jesus,Cunrado
314,Mycah,Gallafant
315,Tiffy,Durram
316,Rancell,Aldwich
317,Livia,Rehme
318,Isabel,Grigs
319,Clerkclaude,Trimble
320,Archambault,Seyers
321,Frederik,Garlee
322,Vera,Balas
323,Leonora,Swannie
324,Casie,Satterly
325,Ashlee,Pemberton
326,Lilyan,Fenix
327,Myranda,Busek
328,Roxanne,Wabersinke
329,Alexandre,Agius
330,Melli,Gliddon
331,Alleen,Lamport
332,Hamid,Wenderott
333,Frederica,Treagus
334,Shoshana,Giovanetti
335,Hobart,Headingham
336,Chandal,Lomasna
337,Alexis,Stitwell
338,Sofia,Calcraft
339,Genny,Ceney
340,Garvey,Wissby
341,Leonid,Gilligan
342,Dyann,Dellenbrok
343,Baron,Aulds
344,Allen,Spanton
345,Lenette,Panketh
346,Gaston,Shippey
347,Magdalene,Cartmill
348,Cornell,Drewery
349,Cami,Kernaghan
350,Lindon,Pedron
351,Heindrick,Mogra
352,Agnola,Bradnock
353,Desiri,Fayre
354,Laverne,Ibert
355,Georgy,Gonin
356,Bobina,Cosgriff
357,Renate,Whalebelly
358,Avigdor,Schellig
359,Frannie,MacGiffin
360,Rurik,Hanselmann
361,Trumaine,Janku
362,Natalya,Atrill
363,Marissa,Ethersey
364,Woodie,Adhams
365,Monti,Frankowski
366,Dahlia,Tangye
367,Boniface,Berni
368,Lexi,Nudds
369,Rosanne,Hedling
370,Nelie,Serrels
371,Eolanda,Ahern
372,Shannah,Tregidga
373,Brittne,Ducaen
374,Leticia,Flann
375,Mehetabel,Coggeshall
376,Cammy,Royce
377,Parry,Gepp
378,Patrice,Beetham
379,Elva,Sextone
380,Connor,Mordue
381,Doyle,Probetts
382,Kathrine,Pawlick
383,Padraig,Chessman
384,Nerta,Warre
385,Doe,Aldin
386,Fletcher,Korfmann
387,Hazel,Casella
388,Barbee,Lammin
389,Zachary,Blofeld
390,Janaya,Leeds
391,Ilka,Vasyanin
392,Dallis,Doman
393,Lindi,Sinson
394,Monty,Broadhurst
395,Carolina,Pioli
396,Connor,Carnalan
397,Evangelina,Petch
398,Sashenka,Caudle
399,Yevette,Isabell
400,Karole,Woollett
401,Bjorn,Isaksen
402,Sebastian,Rottger
403,Levin,McDonogh
404,Francklyn,Cicci
405,Oliviero,Berk
406,Querida,Gosalvez
407,Jan,Seymark
408,Libby,Dorking
409,Syd,Cousin
410,Tiler,Clemson
411,Chrisse,Cholton
412,Betsy,Houlton
413,Idelle,Scad
414,Kipper,Cattel
415,Maurizio,Stachini
416,Ketti,Cush
417,Jada,Monkman
418,Kara,Osan
419,Mordecai,Rawsthorne
420,Ashton,Breckell
421,Marty,Cisec
422,Seymour,Shearn
423,Gherardo,Haggerty
424,Filberte,Tadd
425,Archer,Bazley
426,Tremayne,Killingsworth
427,Kean,Mole
428,Danny,Tebbett
429,Sheree,Sweatman
430,Cathe,Biddy
431,Hadleigh,Benedict
432,Merci,Bradborne
433,Everard,Jacob
434,Cindi,Tourner
435,Michaella,Landon
436,Ruprecht,Benduhn
437,Lezley,Kyngdon
438,Alwin,Forsythe
439,Trefor,Onthank
440,Rebeka,Sanderson
441,Clerkclaude,Wabe
442,Solomon,Mattys
443,Alvinia,De la Perrelle
444,Kristien,Rea
445,Gigi,Sherar
446,Sonnnie,Culleford
447,Rob,Delacourt
448,Rutherford,Semon
449,Rainer,Mattiassi
450,Erik,Wynett
451,Cassi,Gobeau
452,Stu,Barnwill
453,Averil,Sandham
454,Sapphire,Studd
455,Fernande,Hastelow
456,Roanna,Daish
457,Wolf,Fereday
458,Gilbertine,Warlock
459,Allix,Venard
460,Haskell,Arnholz
461,Delphine,Youtead
462,Darryl,A'field
463,Honoria,McTear
464,Rich,Robertsen
465,Tallia,Purkins
466,Ernst,Alldre
467,Elane,Van den Velden
468,Hendrick,Delmonti
469,Krissie,Frankiss
470,Constantine,Ellington
471,Saundra,Reihill
472,Nehemiah,Friatt
473,Natalie,Tingcomb
474,Keslie,Bonnier
475,Frazier,Phair
476,Stanislas,Winny
477,Hussein,Snelman
478,Lisbeth,Jorioz
479,Deane,Roubeix
480,Meryl,Simoes
481,Erhard,Lampert
482,Giustino,Charle
483,Kennett,Mepham
484,Garald,Hellen
485,Joellen,Malyon
486,Aylmar,Pay
487,Inness,Birtchnell
488,Melonie,Douris
489,Jojo,Price
490,Hurleigh,Cottee
491,Celle,Binnes
492,Elfie,Beadle
493,Clayton,Goulborne
494,Cassandre,De Cleyne
495,Starla,Daens
496,Vicki,MacGown
497,Ginelle,Adelman
498,Salli,Shallo
499,Hyacinthia,Paine
500,Wendie,Painswick
501,Roarke,Ortmann
502,Avivah,Saban
503,Bevvy,Bastick
504,Rosanne,Ianilli
505,Bettye,Proger
506,Lucy,Edgell
507,Jillana,Roomes
508,Durand,Humbert
509,Barbaraanne,Cheng
510,Emelen,Thebe
511,Arch,Pettko
512,Wylie,Grebbin
513,Thayne,Depper
514,Gerrilee,De Cleen
515,Augustin,Kibbel
516,Lucian,Rhoades
517,Beret,Fishpoole
518,Marigold,Anderer
519,Land,Peegrem
520,Brendan,Dinkin
521,Cletis,Clayill
522,Nonna,Camplen
523,Abelard,Colomb
524,Henrik,Millen
525,Ariel,Elstone
526,Velvet,Celiz
527,Herve,De Gregorio
528,Phyllis,Massy
529,Whitney,Pates
530,Joaquin,Bordiss
531,Cherianne,Cheevers
532,Zechariah,Moorman
533,Abeu,Lindblad
534,Almire,Baterip
535,Anne,Pragnell
536,Crissie,Tether
537,Johnnie,Ballantyne
538,Denys,Swettenham
539,Ivory,Tomasini
540,Xenia,McLorinan
541,Nicolle,Strowther
542,Blanca,Natwick
543,Maureen,Staten
544,Gert,Scimone
545,Rickie,Grolle
546,Chrisse,Regitz
547,Quintilla,Blindermann
548,Maddalena,Lehrle
549,Genevra,Fidilis
550,Arlyne,Forson
551,Zonnya,Rubinsztein
552,Rolland,Roubeix
553,Elmira,Jeremaes
554,Eloisa,Lingner
555,Wakefield,Hodinton
556,Lisabeth,MacCulloch
557,Beale,Baleine
558,Gabrila,Barclay
559,Beauregard,Sharer
560,Glen,Di Napoli
561,Mildrid,Pockey
562,Harriott,Caudwell
563,Vivie,Keavy
564,Hammad,Mengue
565,Vasily,Leser
566,Valle,Knights
567,Marcos,Robichon
568,Samara,Light
569,Sarajane,Delcastel
570,Roderigo,Bakster
571,Melissa,Mattessen
572,Rosco,Eaden
573,Maxie,Ickovici
574,Estelle,Domenget
575,Ronica,MacMenemy
576,Huey,Bodle
577,Lizette,Tibbs
578,Jaclyn,Miquelet
579,Etty,Slemming
580,Elmore,Pringle
581,Sigrid,Gillings
582,Sallie,Skoyles
583,Yorker,Trahair
584,Peyton,Toppas
585,Kelvin,Calley
586,Regine,Greenhaugh
587,Nestor,Dorant
588,Georgy,O'Fihily
589,Sharron,Stolz
590,Wandis,Oloman
591,Coriss,Dionsetti
592,Salim,Sidden
593,Meryl,Wyss
594,Alexander,Shafto
595,Virgil,Aartsen
596,Deane,Bartolomeotti
597,Rad,Lockett
598,Darlene,Burberye
599,Allen,Kinny
600,Daphne,Mccaull
601,Catie,Sibthorp
602,Kaleena,Dunklee
603,Fredek,Marler
604,Noellyn,Flewin
605,Hilde,Moxstead
606,Kelsi,Prangnell
607,Star,Aslott
608,Hoebart,Riach
609,Holly,Bythway
610,Augusta,Owbridge
611,Merralee,Earp
612,Shae,Taile
613,Petunia,Pobjoy
614,Pinchas,Isakovitch
615,Starlene,Filyakov
616,Audrie,Kirimaa
617,Bill,Rekes
618,Merl,De Caville
619,Ewell,Goutcher
620,Quentin,Hancke
621,Cate,Biddlecombe
622,Cirilo,Mulvihill
623,Jaquenette,MacAless
624,Staford,Mewburn
625,Amalea,MacCrachen
626,Carita,Benfield
627,Lanae,Hiseman
628,Genia,Edney
629,Kariotta,Dabrowski
630,Raimundo,Allon
631,Kaile,Whitfield
632,Harmonia,Casotti
633,Hildegaard,Thowes
634,Dael,Triebner
635,Elsbeth,Gookey
636,Eward,Swan
637,Emmalynne,Loftie
638,Austina,Dorrell
639,Judie,Rosenfrucht
640,Scotty,Tschiersch
641,Frieda,Gameson
642,June,Vallentin
643,Cordi,Woolland
644,Kenneth,Ruit
645,Brion,Plimmer
646,Margette,Elgar
647,Vinnie,Espinosa
648,Dianemarie,Dehmel
649,Josh,Coleyshaw
650,Dolli,Isenor
651,Agatha,Cristou
652,Blythe,Duester
653,Gabriela,Sewall
654,Juditha,Jovanovic
655,Gussi,Panting
656,Nicoli,Stotherfield
657,Gilli,Jillard
658,Lester,Askam
659,Gretel,Killwick
660,Danice,Perroni
661,Wynn,Goddman
662,Joli,Shovelton
663,Clementius,Major
664,Issie,Wolfart
665,Modestine,Soonhouse
666,Joice,Dupree
667,Kirbee,Eagleton
668,Arda,MacPike
669,Dagmar,Ruffell
670,Sophia,Schwant
671,Sissy,Acton
672,Teddie,Pococke
673,Marmaduke,Filippucci
674,Oran,Cometto
675,Woodie,Birtchnell
676,Aloysius,Cooksey
677,Nadia,Rountree
678,Cosme,Jeffels
679,Aline,Linggard
680,Barbra,Goldhill
681,Sybyl,Gricewood
682,Diane,Jockle
683,Caren,Iliffe
684,Constantin,Simonite
685,Adelaide,Beels
686,Dode,Gookey
687,Fred,Janeway
688,Wallace,Aughtie
689,Frans,McKernon
690,Evelina,Pestell
691,Brandy,Gudgen
692,Marmaduke,Calvey
693,Babb,Du Plantier
694,Roshelle,Sanders
695,Rikki,Obbard
696,Jocko,Beardsley
697,Keith,Djurdjevic
698,Rodie,Linton
699,Traver,Lyburn
700,Muire,Aubri
701,Wain,Cornew
702,Bambie,Marvin
703,Robinson,McAviy
704,Billye,Samet
705,Arny,Victor
706,Israel,Pfeffle
707,Franky,Stooke
708,Brunhilde,Senechell
709,Krishnah,Whatham
710,Stan,Jude
711,Penny,Erratt
712,Eadith,Kinsett
713,Griffie,Dilland
714,Meredeth,Culleton
715,Skippy,Langhorne
716,Melisent,Bellelli
717,Lorens,Philipet
718,Ambros,Sobczak
719,Erika,Ansell
720,Andonis,Cutchee
721,Karen,Renahan
722,Onida,Harberer
723,Frederico,Darey
724,Berkeley,Ducarne
725,Georgy,Tuff
726,Seana,Keavy
727,Dell,Telling
728,Dniren,Bunning
729,Deva,McCurt
730,Arliene,Tinson
731,Nye,Woolforde
732,Adair,De Maine
733,Gibb,Rendell
734,Dmitri,Pluthero
735,Ag,Wimlett
736,Farlee,Kydde
737,Jo-anne,Proud
738,Madelon,Dameisele
739,Farrah,Tewkesbury
740,Lindsay,Schlagman
741,Lennie,Jeffcock
742,Minerva,Bryan
743,Jean,Caldwall
744,Klaus,Wankel
745,Hurleigh,Sweedy
746,Margaret,Baume
747,Thorstein,Tersay
748,Marius,Baulch
749,Dell,Sweett
750,Lonnie,Shall
751,Ferne,Meadmore
752,Jeffie,Sandercock
753,Hilary,Fabbro
754,Olenolin,Mordacai
755,Kinsley,Ponder
756,Deanna,Matic
757,Conney,Durant
758,Alla,Doram
759,Rosamund,Bowell
760,Prudy,Ockleshaw
761,Dominik,Denidge
762,Lurline,Roostan
763,Dix,Frangleton
764,Ingra,Book
765,Garald,Daspar
766,Luke,Amoore
767,Matthias,Tchaikovsky
768,Warden,Bossingham
769,Annissa,Pisco
770,Lilias,Melior
771,Sheilakathryn,Dancer
772,Sandor,Olden
773,Paquito,Gudd
774,Gardner,Howis
775,Chester,Shemelt
776,Raynard,Warwick
777,Sada,Valerius
778,Rafaello,Rundle
779,Ransom,Bernini
780,Odele,Dyster
781,Parker,Birchett
782,Natalie,Walwood
783,Allis,Whiteman
784,Roland,Burgin
785,Clementia,Wrigley
786,Freddie,Petasch
787,Colan,Vickarman
788,Josiah,De Michetti
789,Hastings,Coleford
790,Toni,Shovlar
791,Annecorinne,Dugan
792,Sasha,Bugs
793,Peter,Stanbro
794,Cortie,Herculson
795,Christopher,Haresign
796,Joy,Codeman
797,Felice,Walsh
798,Hildegarde,Eliot
799,Mitch,Jamary
800,Faulkner,Burnham
801,Rudy,Kincla
802,Merrile,Hubbins
803,Valentine,Georgeon
804,Gideon,Rymour
805,Annadiane,Giraudo
806,Rickard,Shemilt
807,Desmond,Neale
808,Pippo,Oxlee
809,Shayne,Squibbes
810,Arabela,Clines
811,Melinda,Bergeon
812,Melinda,Robjohns
813,Esdras,Waghorn
814,Marlowe,Duligall
815,Tomi,Rhule
816,Kahaleel,Gosnay
817,Aldon,O'Gaven
818,Aile,Crozier
819,Gabbi,Pellamonuten
820,Arlette,Terren
821,Frasier,Relf
822,Michail,Ruf
823,Sallyann,Dolling
824,Richard,Saye
825,Abe,Mapletoft
826,Norris,Haddy
827,Flora,Sutherns
828,Remus,Bleiman
829,Floria,Glantz
830,Archambault,Dumelow
831,Walliw,Gelland
832,Ruttger,McCrae
833,Domini,Rays
834,Adair,Whiten
835,Farah,Minshaw
836,Gretel,Clulee
837,Derron,Vail
838,Wilma,Aberchirder
839,Asia,Garbutt
840,Stinky,Kitter
841,Dael,McCrainor
842,Sayre,Craik
843,Jimmie,Cristoferi
844,Virginia,Richmond
845,Celia,Ruxton
846,Jaimie,Brauns
847,Bertrando,McKay
848,Riannon,Russon
849,Harriette,Pierce
850,Alic,Rubrow
851,Virgil,Wythill
852,Franchot,Offen
853,Lib,Kettlestringe
854,Maurine,Nacci
855,Jacqueline,Sobtka
856,Diann,Hubber
857,Cathi,Dunkerley
858,Tera,Duffie
859,Molli,Mushett
860,Daren,Brealey
861,Corinne,Di Carlo
862,Binnie,Guinn
863,Mike,Gerrell
864,Neville,McLaren
865,Jody,Booeln
866,Flossy,McMenamy
867,Pren,Simoes
868,George,Waldie
869,Blondie,McAuley
870,Boot,Samples
871,Rick,Cremins
872,Shadow,Ledgard
873,Mureil,Bissiker
874,Brenn,Sharphouse
875,Evangeline,Lamport
876,Chicky,Poag
877,Anatol,Taylor
878,Annis,McKinnon
879,Joy,de Clercq
880,Bernie,Keyte
881,Sianna,Tomasutti
882,Cassy,Ebourne
883,Westley,Bartalucci
884,Ninette,Broadstock
885,Margareta,Dodson
886,Karina,Antunez
887,Dudley,Blasiak
888,Agneta,Feben
889,Frederic,Ashingden
890,Teodoro,Cockland
891,Jeannine,Donwell
892,Inglis,Rule
893,Liam,Farron
894,Carlotta,Simmank
895,Bertram,Roundtree
896,Blinnie,Volcker
897,Rodd,Pietranek
898,Dotty,Housecraft
899,Hilario,O' Gara
900,Neall,Espine
901,Cleavland,Edsell
902,Jobyna,Hadfield
903,Rod,Mill
904,Lazaro,Pikhno
905,Jordan,Nielson
906,Fabio,Auty
907,Ginelle,Lamperd
908,Oralie,Serjent
909,Forest,Ferrar
910,Erinn,Butrimovich
911,Herby,Pautard
912,Kiersten,Portwain
913,Livvie,De Fraine
914,Timothee,Abelson
915,Darill,Damrell
916,Chico,Dreinan
917,Annalise,Humbell
918,Alie,Ambrogiotti
919,Darryl,Gallardo
920,Natassia,Coan
921,Hildagard,Di Meo
922,Ilse,Manifold
923,Yvette,Challice
924,Ode,Albasini
925,Roderich,Fish
926,Galvan,Diter
927,Brandais,Diggens
928,Gilberte,Dollen
929,Scarlet,Corey
930,Wilona,Gaynor
931,Jenine,Mcasparan
932,Powell,Dummett
933,Dorthy,Witherington
934,Wallache,Jagson
935,Heywood,Cleeve
936,Rickie,Yarrow
937,Marcie,Huygen
938,Brandea,Bolding
939,Christy,Bazeley
940,Horatio,Dunbar
941,Natala,Downton
942,Eldredge,Fierro
943,Alane,Egdell
944,Heda,Acaster
945,Warde,Whitehurst
946,Jenn,Curtain
947,Rachele,Iacovelli
948,Rosette,Kitchenside
949,Brent,Brignall
950,Inger,Beedham
951,Mayne,Spur
952,Anica,Cruddas
953,Sophie,Graybeal
954,Teodora,Jacobson
955,Jabez,Crowther
956,Nelie,Grubb
957,Joanie,Keaysell
958,Shepherd,Sherrell
959,Cinderella,Ditts
960,Quinn,Dougill
961,Cally,Fritter
962,Irene,Kolodziejski
963,Hermann,Curtoys
964,Jarib,Hurdis
965,Evangelia,Bickardike
966,Ingram,Forcer
967,Bourke,Waren
968,Verna,Behne
969,Noam,Bortoletti
970,Herb,Nightingale
971,Brooke,Mazzeo
972,Deva,Calan
973,Fancie,Comino
974,Tobias,Caplis
975,Kristen,Guiducci
976,Derry,Rulf
977,Irma,Pashe
978,Ardenia,Ipsgrave
979,Jada,Roos
980,Merridie,Yerrill
981,Bonnie,Greenside
982,Jarib,Keneleyside
983,Bren,Birchenough
984,Oren,Cull
985,Tristam,Ostrich
986,Frank,Spoure
987,Mauricio,Wicklen
988,Paula,Tooth
989,Flossi,Pickering
990,Lars,Manhare
991,Farly,Gorioli
992,Jeniffer,Radband
993,Keene,Rew
994,Estella,Taks
995,Darnell,Dresser
996,Kym,Scotland
997,Romeo,Renton
998,Jerrilyn,Zarb
999,Camile,McGlashan
1000,Scotty,Hodgin
