id,name,country,City,Adress
1,"Walker, Bernhard and Shields",Spain,Torrevieja,43811 Clyde Gallagher Trail
2,Predovic-Emard,China,Zhangzhen,0459 Eagle Crest Trail
3,Emard-McClure,Indonesia,Cidikit Girang,25 Hovde Park
4,Hand-Mraz,Russia,Ullubiyaul,03839 Service Avenue
5,Crooks-Deckow,Bosnia and Herzegovina,Petkovci,528 Moulton Place
6,"Vandervort, Gusikowski and Fadel",Philippines,Naguilian,9277 Karstens Place
7,D'Amore and Sons,China,Huangzhan,418 Delladonna Parkway
8,Kutch-Mills,Indonesia,Plalar,4061 Village Green Way
9,Gutkowski-Schowalter,Portugal,Valejas,93586 South Park
10,"Langosh, McDermott and Hickle",Indonesia,Banjeru,105 American Ash Trail
11,Breitenberg and Sons,Portugal,Freiria,1 Dorton Trail
12,"Fahey, Gutkowski and Carter",Central African Republic,Batangafo,7 Sloan Terrace
13,Mueller Group,Brazil,Ijuí,7485 Butternut Pass
14,O'Reilly-Glover,Croatia,Buzet,35193 Garrison Way
15,Ryan Group,Croatia,Bibinje,7963 Jenna Parkway
16,McLaughlin-Raynor,China,Yankou,3982 Canary Plaza
17,Abshire and Sons,Nigeria,Uga,8 Bowman Alley
18,"Ondricka, Gusikowski and Zemlak",Panama,Changuinola,92046 Russell Court
19,Feeney and Sons,Brazil,Marialva,4797 Crest Line Trail
20,"Jakubowski, Wuckert and Treutel",Indonesia,Krajan,67873 Banding Terrace
21,"Huels, Hudson and Friesen",China,Heihe,55 Tony Point
22,Goldner-Casper,China,Jihuluntu Sumu,6 Ludington Point
23,Mohr Inc,Mali,Sikasso,8048 Oriole Center
24,Upton-Rath,Norway,Isdalstø,62504 Leroy Hill
25,Reinger-Rogahn,Bulgaria,Borovan,5761 Debs Court
26,Bogan-Douglas,Portugal,Cortinhas,46686 Hooker Terrace
27,Turcotte Inc,China,Langxi,61114 Northwestern Junction
28,"Konopelski, Zboncak and Daniel",China,Weibin,50 Summer Ridge Parkway
29,"Kreiger, Durgan and Lowe",Philippines,Divisoria,92 Kensington Center
30,Schowalter LLC,Latvia,Inčukalns,8106 Grover Road
31,Aufderhar-MacGyver,China,Dongzaogang,832 Starling Point
32,Jaskolski and Sons,Mozambique,Ilha de Moçambique,101 Ruskin Drive
33,"Hintz, Dietrich and Greenholt",Greece,Péplos,07 Monument Street
34,"Weber, Quitzon and Nienow",Russia,Maykopskoye,591 Washington Park
35,Ziemann Group,China,Tielu,48 Loftsgordon Pass
36,"Volkman, Ziemann and Keebler",Sweden,Timrå,829 Victoria Avenue
37,Goodwin Group,Russia,Bogolyubovo,3236 Fuller Drive
38,Pacocha-Balistreri,China,Qianzhou,4080 Algoma Avenue
39,Klocko-Fisher,China,Huagai,92 High Crossing Avenue
40,"Paucek, Hackett and Strosin",Czech Republic,Vřesina,49 Talmadge Avenue
41,"Gerhold, Upton and Osinski",Indonesia,Ngajum,71 Iowa Crossing
42,Hackett-Ledner,Belarus,Slawharad,7741 Bobwhite Way
43,Feest and Sons,Brazil,Agudos,05659 Green Avenue
44,Stroman Group,Greece,Áno Kastrítsion,7 Barnett Terrace
45,"Paucek, Bogisich and Ratke",Netherlands,Amsterdam-Oost,1313 Westerfield Plaza
46,"Predovic, Gerhold and Kuhlman",Russia,Pryazha,09381 Miller Center
47,Hahn-Hirthe,Macedonia,Gradec,9 Lawn Avenue
48,Mraz-Balistreri,Uruguay,Mariscala,54 Russell Terrace
49,Hirthe LLC,Philippines,Vargas,78 Loomis Crossing
50,Turcotte Group,Indonesia,Samir,397 Paget Center
51,Keeling-Marvin,Russia,Kovernino,5308 Vahlen Lane
52,Wehner-Jenkins,Malaysia,Shah Alam,339 Sachtjen Hill
53,White and Sons,Philippines,Mercedes,661 Jenifer Place
54,Durgan and Sons,Philippines,San Roque,8440 Valley Edge Trail
55,"Muller, Ferry and Feil",China,Xinchengzi,37 Roth Circle
56,Walsh-Parisian,Japan,Kamirenjaku,8793 Fremont Circle
57,"Kuhlman, Kohler and Hilll",Ireland,Ballyboden,7053 Karstens Alley
58,"Kuvalis, Jaskolski and Ernser",Russia,Tarasovskiy,35 School Drive
59,Reilly-Waelchi,China,Wensu,3 Declaration Lane
60,"Watsica, Shanahan and Bogisich",China,Menghe,4415 Bluejay Circle
61,Stark-Spinka,China,Zhongcun,5 Steensland Trail
62,"Robel, Senger and Waelchi",China,Zilang,3876 Forster Alley
63,Paucek Group,China,Yantongtun,2090 Morning Point
64,"Carroll, Waelchi and Auer",Russia,Kunashak,7 Hallows Place
65,"Ledner, Bogisich and Buckridge",Russia,Khokhryaki,1120 Green Terrace
66,"Herman, Goldner and Trantow",Indonesia,Palangan,69001 Atwood Pass
67,Balistreri and Sons,Argentina,Elena,12189 Twin Pines Crossing
68,"Grant, Morar and Walsh",Russia,Zheleznovodsk,92542 Mandrake Avenue
69,Huel-Ondricka,China,Guanchi,7 Nova Court
70,"Bayer, Balistreri and McCullough",Indonesia,Blora,39 Lake View Crossing
71,"Rodriguez, Schaefer and Bogan",Colombia,Guaduas,8583 Thierer Circle
72,Marks-Huel,China,Changtang,8639 Hoepker Circle
73,Lind LLC,Indonesia,Riangblolong,189 Declaration Parkway
74,Ward-Sauer,China,Hanzhong,23 Gina Hill
75,Senger-Mills,Morocco,Taouloukoult,24488 Old Shore Plaza
76,"Yost, O'Connell and Doyle",Portugal,Mosteiró,88574 Esch Parkway
77,"Mertz, Runolfsdottir and Durgan",Indonesia,Lebak,407 Sunbrook Court
78,Champlin-Konopelski,Luxembourg,Dalheim,4 5th Drive
79,"Corkery, Rippin and Hyatt",Somalia,Bereeda,77 Swallow Court
80,Yundt-Satterfield,Canada,Beaumont,07660 West Plaza
81,Upton Inc,China,Zhengguo,53 Iowa Avenue
82,"Kuvalis, Bahringer and Berge",China,Zuobude,3227 6th Place
83,Stehr and Sons,France,Paris 09,247 Goodland Hill
84,"Daugherty, Herzog and Metz",China,Beigucheng,30506 Maywood Lane
85,"Roberts, Gislason and Rempel",China,Dengyue,57 Sutteridge Parkway
86,"Grant, Lowe and Kuvalis",China,Qinshi,79985 Spenser Parkway
87,"Koepp, Rosenbaum and Kovacek",Philippines,Kananya,10144 Birchwood Court
88,"Hand, Becker and Padberg",Poland,Pawłosiów,38991 Cottonwood Way
89,"Von, MacGyver and VonRueden",Germany,Berlin,74 Spenser Way
90,Pouros Group,China,Urho,40 Hovde Crossing
91,"Renner, Crist and Johnson",China,Chengnan,840 Prairieview Court
92,Cole-Beatty,Indonesia,Pilang,982 Buhler Hill
93,"Rutherford, Treutel and Daniel",Canada,Donnacona,6 Butterfield Terrace
94,Wuckert-Mante,Peru,Ajoyani,95074 Fuller Alley
95,Stamm Inc,Indonesia,Sleman,428 Dixon Avenue
96,"Ryan, Sporer and Flatley",Israel,Qesarya,99798 Cody Place
97,"Gaylord, Nitzsche and Gaylord",China,Baikui,036 Troy Point
98,Kutch-Leffler,Sudan,Al Qadarif,7080 Arkansas Street
99,"Herman, Grimes and Towne",Brazil,Serra Negra,1 Reindahl Parkway
100,Daugherty-Frami,Poland,Piastów,66360 Gulseth Avenue
101,"Wolff, Hand and Moen",South Africa,Middelburg,7 Katie Center
102,Hessel LLC,Cuba,Sagua la Grande,5010 Manitowish Street
103,"Murray, Roob and Feil",France,Paris 17,9019 Bluejay Place
104,Feeney Inc,Venezuela,Cariaco,1 Sunfield Drive
105,Ruecker-West,Croatia,Biograd na Moru,46725 Merchant Hill
106,Monahan Group,Portugal,Sebadelhe,36 Hudson Hill
107,"Hegmann, Lubowitz and Schaefer",Belarus,Myadzyel,6 Rowland Street
108,Wehner LLC,China,Shangdu,275 Loeprich Road
109,"West, Rippin and Jacobs",Malaysia,Putrajaya,520 La Follette Street
110,"Hane, McDermott and Pacocha",Iran,Alvand,502 Monument Terrace
111,Davis LLC,Micronesia,Palikir - National Government Center,12225 Memorial Trail
112,Deckow-Sawayn,France,Montaigu,09 Hermina Junction
113,Skiles-Haag,China,Hufang,2202 Pleasure Way
114,Altenwerth-Von,Russia,Mullovka,50253 Londonderry Plaza
115,"Lind, Larson and Mitchell",Tanzania,Dongobesh,3 Crownhardt Avenue
116,"Waters, Boehm and Russel",Greece,Tríkala,116 Banding Place
117,"Daniel, Rowe and Beatty",Indonesia,Cibulakan,15484 Mockingbird Avenue
118,Beer LLC,Thailand,Phanat Nikhom,326 Springs Plaza
119,Prosacco-Gorczany,Philippines,Parion,34354 Rieder Road
120,"Bogisich, Gutmann and Dooley",China,Zhongshan,54851 Anhalt Avenue
121,"Bayer, Carroll and Hodkiewicz",Pakistan,Ghauspur,457 Buhler Alley
122,Medhurst-Gaylord,Ireland,Dungloe,125 Hallows Center
123,Gutkowski-Heidenreich,United States,Toledo,535 Maywood Junction
124,McGlynn-Mayert,Russia,Monchegorsk,8051 Russell Parkway
125,"Dooley, Heller and Breitenberg",Madagascar,Soanindrariny,67 Cherokee Center
126,Sanford-Nikolaus,Russia,Yemva,3621 Debra Park
127,Jacobs-Hammes,Peru,Salas,9971 Mockingbird Place
128,Parisian Inc,Myanmar,Myeik,97373 Forster Road
129,Sipes and Sons,Portugal,Escola,51 Bobwhite Place
130,Roob LLC,Indonesia,Noebesa,8374 Trailsway Street
131,Senger Inc,China,Jiudian,60 Northland Street
132,Schmeler-Gottlieb,Armenia,Kamaris,58 Anthes Street
133,Wisoky Group,France,Lyon,93151 Mitchell Pass
134,Mueller-Veum,United Kingdom,London,351 Lillian Pass
135,Bergnaum Inc,China,Beisijia,25724 Monica Lane
136,Schimmel LLC,China,Sanxing,1648 Mockingbird Crossing
137,Jacobi Group,China,Datong,3 Starling Hill
138,Sanford LLC,Indonesia,Hewa,19715 Golf View Drive
139,"Jenkins, Emard and Cartwright",Turkmenistan,Yolöten,47 Summit Crossing
140,Jerde-Ratke,Philippines,Loreto,602 Steensland Way
141,"Flatley, Prohaska and Vandervort",United States,Durham,191 Judy Trail
142,Powlowski-Mayer,Philippines,"Brgy. Nalook, kalibo",678 Portage Road
143,Schneider-Harris,Russia,Rogachëvo,735 Merchant Hill
144,"Farrell, McLaughlin and Lind",Dominican Republic,Duvergé,718 Lyons Junction
145,"Bradtke, Leuschke and Legros",China,Xiaochi,52550 Sommers Hill
146,"Wiegand, Weimann and Thiel",Nicaragua,Larreynaga,30681 Hayes Park
147,Will-Zulauf,Indonesia,Kenarilang,62856 Blackbird Point
148,Heathcote LLC,Albania,Lekas,362 Londonderry Drive
149,"Wiegand, Gottlieb and Green",Thailand,Chon Daen,7 Eagan Park
150,"Mertz, Connelly and Schinner",Moldova,Rîşcani,279 Emmet Hill
151,"Cummerata, O'Hara and Adams",Philippines,Aga,3 Loomis Lane
152,O'Hara-Gottlieb,Nigeria,Isanlu Itedoijowa,7 Clemons Pass
153,Boyer-Stokes,Portugal,Vale de Santarém,7132 Crescent Oaks Center
154,Koepp-Leuschke,China,Lijiang,6566 8th Circle
155,Littel-Shields,United States,Staten Island,70 Stuart Point
156,"Zieme, Hand and Funk",China,Shimeitang,0 Clemons Plaza
157,Streich LLC,Slovenia,Železniki,4716 Duke Crossing
158,McLaughlin-Baumbach,Poland,Mników,1 Dorton Drive
159,Grant-Dickens,Malawi,Nsanje,8 Orin Point
160,"Bosco, Lehner and Bartell",Brazil,Itapevi,321 Kensington Place
161,"Kris, Murray and Herman",China,Fucha,210 Chinook Circle
162,"Blick, Legros and Wiegand",Brazil,Paulo Afonso,64 Redwing Point
163,Schmidt-Langworth,Serbia,Novi Slankamen,976 Kenwood Hill
164,"Wiegand, Wolff and Goldner",Lebanon,Sidon,3 Carpenter Street
165,Herman LLC,Philippines,Pindangan Centro,2 Grasskamp Lane
166,"Homenick, Haley and Halvorson",Brazil,São Gabriel da Cachoeira,8 Crest Line Alley
167,Ruecker Inc,China,Jindong,24888 Dahle Parkway
168,Watsica-Stiedemann,Sri Lanka,Kuliyapitiya,7961 Thompson Trail
169,Zemlak LLC,China,Huangbayi,24011 Golden Leaf Crossing
170,Cole Inc,Portugal,Breia,53540 Oriole Drive
171,Feil Inc,Indonesia,Maubasa,26710 Homewood Junction
172,Koch Group,Ecuador,Calceta,83581 Warner Avenue
173,Huels-Hintz,Tunisia,Beni Khiar,366 5th Center
174,Pacocha Group,Cameroon,Nkoteng,0867 Sommers Park
175,Roob LLC,Indonesia,Ngancar,82324 Kingsford Point
176,Stark-Lueilwitz,Costa Rica,San José,14399 Merrick Crossing
177,White Inc,Philippines,La Fortuna,59473 Village Green Center
178,"Kiehn, Keebler and Konopelski",Portugal,Chã,48 Crescent Oaks Circle
179,Walker-Raynor,China,Baoji,7191 Melody Road
180,Grady-Hintz,China,Fuhai,4772 Pankratz Terrace
181,"Bosco, Stark and Hammes",Czech Republic,Bystré,52459 Anzinger Plaza
182,Lehner-Witting,Equatorial Guinea,Machinda,4476 Onsgard Park
183,Rempel-Mosciski,Croatia,Jastrebarsko,6 Maple Pass
184,"Murray, Nolan and Raynor",Morocco,Bouarouss,4341 Becker Way
185,"Schimmel, Kunze and Dickinson",Greece,Katoúna,74276 Mockingbird Parkway
186,West Group,Greece,Néos Oropós,36 Dixon Park
187,"Kuhlman, Hickle and Veum",Zimbabwe,Gokwe,912 Carioca Hill
188,"Armstrong, Leannon and Blick",Mexico,20 de Noviembre,75468 Bluestem Hill
189,Marvin Group,Bolivia,Guanay,03289 Lotheville Crossing
190,"Hilpert, Parisian and Boehm",China,Golug,40 1st Alley
191,Heller Inc,Iran,Eqbālīyeh,100 Vernon Circle
192,Lueilwitz-Yost,Italy,Roma,5 Mallard Pass
193,Dach-Baumbach,Maldives,Fuvahmulah,0 Laurel Trail
194,Hilpert LLC,Indonesia,Krajan Karangwage,745 Debs Lane
195,Stamm-Prosacco,China,Chengdong,8959 Sunfield Street
196,"Aufderhar, Bogan and Wiza",Poland,Jaworzyna Śląska,9714 Pearson Lane
197,Nikolaus LLC,Portugal,Agualva,67224 Spohn Court
198,Ernser-Bins,China,Luoyuan,06659 Meadow Ridge Trail
199,"Stanton, Hilpert and Anderson",Portugal,Goim,24 Garrison Road
200,Tremblay-Turcotte,Russia,Ukhta,9 Del Sol Terrace
201,D'Amore-Dickens,Indonesia,Sukasetia,65207 Coleman Plaza
202,"Dicki, Schoen and Predovic",Lebanon,Joubb Jannîne,91 Delaware Center
203,Wilkinson and Sons,China,Anqing,14495 Steensland Lane
204,"Klein, Welch and Schuster",Greece,Kallíthiron,022 Westridge Park
205,Gutkowski-Vandervort,China,Tufang,25 Ronald Regan Road
206,"Kunde, Kulas and Reichert",New Zealand,Kelburn,49 Bultman Place
207,"Purdy, Abshire and MacGyver",Portugal,Presa,94632 Almo Parkway
208,Torphy and Sons,Indonesia,Sebegen,94 Emmet Pass
209,"Stroman, Cole and Konopelski",Argentina,Chichinales,4 Hoepker Point
210,Kihn Inc,Panama,Las Lomas,31712 Talmadge Circle
211,Morissette LLC,United States,Sacramento,2218 Moose Park
212,Hayes Inc,Greece,Áno Kastrítsion,21 Algoma Hill
213,Graham Inc,Sweden,Mölndal,2 Susan Street
214,Glover-Keebler,China,Dongtundu,9506 Main Drive
215,Nolan and Sons,Denmark,København,39 West Place
216,"Toy, Bartoletti and Dietrich",Finland,Inari,1 New Castle Alley
217,Reynolds and Sons,South Korea,Gapyeong,9 Pierstorff Trail
218,Keebler LLC,Mongolia,Tosontsengel,83209 Maywood Court
219,Doyle-Morissette,China,Meilong,66684 Elka Junction
220,Rutherford LLC,Palestinian Territory,‘Ūrīf,99 Bunting Circle
221,Huel-Haley,United States,Boise,664 Paget Way
222,"Kautzer, McCullough and Schiller",Portugal,Castanheira,76 Ilene Trail
223,"Bernier, Wuckert and O'Kon",Canada,Saint-Tite,7935 Gateway Road
224,"Heaney, Gusikowski and Koch",Indonesia,Margabakti,8015 Northland Trail
225,Johnson Group,Guatemala,Pasaco,72908 Ridgeview Road
226,Spencer-Wyman,Indonesia,Cinagrog Girang,6645 Russell Terrace
227,Walsh-Jerde,Belize,Punta Gorda,531 Mayfield Hill
228,Collier-Davis,Russia,Odesskoye,3 Lotheville Lane
229,Leannon-Gleason,Malaysia,Kuala Lumpur,4523 Walton Hill
230,"Lockman, Gleason and Borer",France,Paris 06,323 Harbort Point
231,"Kessler, Krajcik and Wunsch",Argentina,Tinogasta,2163 Weeping Birch Trail
232,Kutch-Ullrich,Czech Republic,Lukavice,0432 Farragut Circle
233,Labadie-Breitenberg,Indonesia,Cibangban Girang,5284 Springs Plaza
234,"Simonis, Veum and White",China,Longtian,65689 Village Park
235,Beahan-Beer,Bangladesh,Jhingergācha,41384 Old Shore Way
236,Lemke-Huels,Ukraine,Ivano-Frankove,0 Graceland Drive
237,Paucek-Zemlak,Thailand,Si Bun Rueang,6 Maple Wood Junction
238,"Kovacek, Luettgen and Metz",Greece,Rizómata,14 Becker Lane
239,Pollich LLC,Sweden,Kungshamn,538 Clarendon Pass
240,Pfannerstill-Purdy,Indonesia,Matango,89582 Kipling Avenue
241,O'Kon-Bode,China,Xianning,798 Dorton Avenue
242,Bogan Inc,Brazil,Caeté,1405 Warrior Hill
243,Flatley-Hermiston,Japan,Sayama,616 Fulton Place
244,"Cronin, Cassin and Reichert",China,Tacheng,9503 Village Green Lane
245,Hauck Inc,Poland,Marki,11 Graedel Drive
246,Berge Inc,Brazil,Itabaiana,36626 Express Court
247,Reichel-Hartmann,Chile,Linares,9 Fisk Trail
248,Hudson and Sons,Indonesia,Citeguh,4 Vera Trail
249,Ward Group,Portugal,Casal Galego,6265 Oneill Street
250,Fadel and Sons,Tanzania,Naberera,420 Leroy Plaza
251,"Tillman, Grady and Bogan",Egypt,Rosetta,26 Sycamore Park
252,Turner-Little,Canada,Athabasca,1 Hudson Pass
253,"Connelly, Predovic and Cremin",Russia,Belyye Stolby,9957 Bashford Junction
254,Tillman-Kohler,China,Tiaodeng,612 Bartillon Lane
255,"Leffler, Denesik and Kiehn",Morocco,Smimou,0 Thackeray Street
256,"Effertz, Stiedemann and Konopelski",Paraguay,Nueva Italia,6 Emmet Plaza
257,Hickle LLC,Indonesia,Tlogocilik,34820 Gulseth Drive
258,"Brekke, Hartmann and Raynor",China,Donghoufang,94966 Farwell Street
259,Ernser-Ziemann,Russia,Toksovo,1028 Springs Way
260,"Crooks, Gusikowski and Mertz",Poland,Józefów,3604 Mallory Circle
261,"Friesen, Farrell and Will",Belgium,Charleroi,272 Hauk Alley
262,Gleason-Grimes,Sweden,Landskrona,14082 Morning Plaza
263,Ward-Goldner,Russia,Asino,15770 Springview Point
264,"Parisian, Hodkiewicz and Witting",Dominican Republic,Río Grande,2 Montana Avenue
265,"Goyette, O'Conner and Wiegand",United States,Toledo,88 Sundown Hill
266,Hessel-O'Connell,China,Qianjin,9999 Arkansas Crossing
267,Lemke Inc,China,Huzhou,594 Aberg Way
268,Breitenberg-Stark,Nigeria,Wuyo,814 Veith Road
269,Emmerich Inc,Poland,Paprotnia,4813 Carberry Street
270,"Ward, Zemlak and Renner",Ireland,Castleknock,2 Everett Court
271,Shields-Ritchie,Sierra Leone,Kayima,6 Canary Plaza
272,Williamson Group,China,Leyuan,7541 Sauthoff Point
273,"Cummerata, Will and Breitenberg",Egypt,Al Minyā,89842 Schlimgen Alley
274,"Hansen, Kulas and Mayer",Poland,Złota,66 Russell Pass
275,Schamberger-Farrell,China,Luntai,8 Helena Point
276,Larkin-Reynolds,Indonesia,Gerdu,103 Kedzie Hill
277,Walsh and Sons,Indonesia,Waru,44425 Coolidge Alley
278,Maggio-Kshlerin,Indonesia,Tualeu,6563 Upham Hill
279,"Murray, Balistreri and Roob",China,Baisha,8 Colorado Crossing
280,Bogisich-Cormier,Bulgaria,Pleven,19677 Ilene Lane
281,Casper and Sons,France,Charenton-le-Pont,486 Shoshone Junction
282,Douglas-Lindgren,Ireland,Dunleer,91885 Lake View Place
283,"Harvey, Goyette and Quitzon",Malaysia,Melaka,703 Logan Plaza
284,Bahringer and Sons,Russia,Knyaze-Volkonskoye,74981 Mitchell Center
285,Murazik-Champlin,Saudi Arabia,Sakākā,592 Del Mar Circle
286,"Tillman, Trantow and Kuhlman",China,Pingyin,44770 Twin Pines Point
287,O'Connell-Ullrich,China,Fengtai,313 Sundown Hill
288,Lakin-Orn,Iran,Malekān,5478 Knutson Plaza
289,Gleichner Group,Russia,Kargasok,9057 2nd Hill
290,Padberg Inc,Malaysia,Kuala Lumpur,14764 Pleasure Crossing
291,Dietrich-Boehm,Mexico,El Mirador,5545 Schiller Alley
292,Durgan-Blick,China,Eshan,23419 Maywood Crossing
293,Klocko Inc,China,Xiaozhang,60 Blaine Court
294,Pfeffer LLC,Peru,Copa,633 Park Meadow Crossing
295,Simonis-Rohan,Djibouti,Goubétto,18475 Bay Alley
296,Jaskolski-Sauer,France,Saint-Marcellin,10 Hoffman Drive
297,Dickinson-Graham,Qatar,Az̧ Z̧a‘āyin,33 Park Meadow Drive
298,Runolfsson Inc,Indonesia,Majan,5701 Nelson Court
299,Pagac-Miller,Poland,Luboń,06127 Canary Alley
300,"Schamberger, Friesen and Leannon",Sweden,Hässleholm,642 Randy Way
301,Conroy-Kreiger,Thailand,Sahatsakhan,34138 Mccormick Alley
302,Stiedemann Group,Palestinian Territory,Farkhah,738 Dunning Point
303,"Johnson, Schimmel and McDermott",Russia,Filimonovo,31 Waywood Circle
304,Farrell LLC,Brazil,Ilhabela,04 Hoard Parkway
305,Simonis LLC,Colombia,La Tola,7016 South Park
306,"Ankunding, Rolfson and Satterfield",Peru,Apongo,77841 Johnson Point
307,"Franecki, Block and Collins",Costa Rica,Siquirres,30113 Thompson Street
308,Hartmann-Beier,Russia,Kiritsy,8835 Columbus Pass
309,"Corwin, Cruickshank and Hauck",China,Hecheng,059 Marquette Plaza
310,Sanford and Sons,Brazil,Tupã,5360 Golf View Drive
311,Stark Inc,Russia,Luchegorsk,26718 Pepper Wood Road
312,"Murazik, Funk and Mante",Sweden,Fagersta,39 Jackson Pass
313,Witting Group,Thailand,Akat Amnuai,2396 Meadow Vale Place
314,Gusikowski Group,China,Taoyuan,40 Mallory Center
315,"Mayert, Connelly and Waelchi",Brazil,Firminópolis,1748 Clarendon Plaza
316,"Reichert, Bode and Schamberger",Ukraine,Zvenyhorodka,2708 Elmside Alley
317,Bergstrom-VonRueden,Poland,Odolanów,8 Mifflin Center
318,"Hoeger, Lakin and Swift",Bangladesh,Lakshmīpur,20 Dexter Plaza
319,"Mosciski, Baumbach and Nitzsche",China,Dao’er,589 Bellgrove Plaza
320,Ward LLC,Brazil,Medianeira,0 Thackeray Street
321,"Kohler, Carroll and Kovacek",North Korea,Kanggye-si,165 Charing Cross Drive
322,"Kirlin, Pollich and Hammes",Philippines,Santa Rita,7997 Barby Hill
323,"Casper, Stiedemann and Ryan",Peru,Ocuviri,48322 Sunnyside Parkway
324,Graham Group,Sweden,Stockholm,40582 Lukken Park
325,Kutch Group,Japan,Hakodate,25984 Division Plaza
326,Zieme-Haag,Malaysia,Ipoh,950 Caliangt Alley
327,McCullough LLC,Vietnam,Thị Trấn Thọ Xuân,920 Golf View Terrace
328,Lindgren-Prosacco,Indonesia,Balengbeng,7 Hollow Ridge Crossing
329,Pagac-Huels,Ukraine,Zdolbuniv,7 Stone Corner Avenue
330,Gleason and Sons,Colombia,Palestina,52101 New Castle Court
331,Lang-Murray,Palestinian Territory,‘Ayn al Bayḑā,223 Carberry Street
332,Windler Inc,China,Jiubao,79 Tomscot Terrace
333,"Robel, Stracke and Rippin",Czech Republic,Trmice,4 Northwestern Hill
334,"Sanford, Gorczany and Larson",Poland,Plewiska,39 Ilene Plaza
335,"Conn, Fisher and Muller",Indonesia,Kebonkai,84 Duke Way
336,Fay LLC,United Kingdom,Milton,499 Hintze Parkway
337,Stokes-Mitchell,China,Sanjiazi,12887 Prentice Trail
338,Turcotte LLC,Philippines,San Vicente,583 Walton Junction
339,"Kautzer, Ritchie and Kautzer",United States,Schenectady,0 Lotheville Road
340,Spinka Inc,Serbia,Bojnik,9692 Southridge Street
341,D'Amore-Goodwin,Panama,Chitré,0739 Clyde Gallagher Terrace
342,Maggio and Sons,Philippines,Guisijan,2 Loomis Drive
343,Mayert Group,China,Potou,218 Doe Crossing Place
344,Emmerich Inc,Mongolia,Dzüyl,270 Heath Lane
345,Boyle and Sons,Indonesia,Senduro,287 Schlimgen Court
346,Nicolas-Ankunding,Myanmar,Kyaiklat,7 Waubesa Street
347,Torphy Group,Portugal,Linhares,0008 Sugar Drive
348,Bruen Inc,Philippines,Maindang,13388 Dakota Parkway
349,"Gorczany, Russel and Reinger",Russia,Bystryanka,58255 Forster Lane
350,"Kunze, Marvin and Predovic",France,Paris 12,747 Blaine Alley
351,Hettinger Inc,Nepal,Wāling,36691 Merrick Avenue
352,Ullrich LLC,Sweden,Anderstorp,23 Nobel Junction
353,Mitchell-Emard,Indonesia,Pragen Selatan,65680 Birchwood Center
354,Pouros and Sons,Poland,Budzów,410 Victoria Court
355,Wiegand Group,Philippines,Matiao,537 Fallview Place
356,Considine-Schaden,Brazil,Rosário do Sul,901 Pierstorff Court
357,Boyle-Prosacco,China,Butou,2 Porter Hill
358,"Ratke, Orn and Kutch",Japan,Obama,9095 Forest Run Drive
359,Mertz and Sons,China,Wuku,2318 Northridge Junction
360,Reinger Inc,Russia,Mogzon,04 Maple Circle
361,Beier Inc,Argentina,Jardín América,10 Stone Corner Parkway
362,Jakubowski-Ankunding,Poland,Nałęczów,0 Longview Place
363,Hammes-Padberg,Azerbaijan,Pushkino,47 Nova Alley
364,"Hills, Beatty and Donnelly",Croatia,Gospić,429 Forest Circle
365,"Reichel, Hegmann and Schinner",Russia,Vetluzhskiy,26 Clyde Gallagher Parkway
366,"Ebert, Waters and Blick",China,Hengqiao,42 Cherokee Parkway
367,Nienow-Leannon,Poland,Żywiec,5359 John Wall Alley
368,"Heller, Schmeler and Schulist",Albania,Valbonë,439 Tennessee Way
369,Ernser-Nader,Canada,Omemee,76213 Bartillon Lane
370,Koch-Renner,Cyprus,Kato Pyrgos,43 Welch Circle
371,Abshire and Sons,Portugal,Vilar,8 Canary Alley
372,Franecki Inc,Indonesia,Cikajang,0642 Derek Terrace
373,"Koepp, Boehm and Feeney",Peru,El Parco District,4 Delaware Terrace
374,"Nikolaus, Bergnaum and Hagenes",Kosovo,Orahovac,6815 Merchant Road
375,Haag-Schneider,China,Xicun,0 Northport Circle
376,Stiedemann Inc,Argentina,Río Colorado,52 Continental Junction
377,"Mitchell, Bednar and Hansen",Cuba,Jesús Menéndez,902 Myrtle Hill
378,Harvey and Sons,China,Da’an,3 Clove Way
379,Kihn-Metz,Estonia,Rakvere,20765 Monica Avenue
380,Bruen-Kihn,China,Baita,89 Melvin Road
381,Lowe Group,United States,New Haven,6 Loeprich Plaza
382,Cartwright and Sons,Portugal,Carapelhos,28961 Chinook Junction
383,"Veum, Carroll and Hintz",China,Xinxing,918 Buena Vista Park
384,"Braun, Heller and Pouros",Russia,Sarapul,2 Myrtle Court
385,"Wisozk, Paucek and Runolfsdottir",United States,Colorado Springs,265 New Castle Avenue
386,Yundt-Lehner,China,Dongkan,3 Harbort Lane
387,Orn-Morar,Portugal,Crasto,84445 Brickson Park Circle
388,King Inc,Portugal,Vinha,2351 Maple Pass
389,Dickens Group,France,Montélimar,4299 Hazelcrest Trail
390,Lesch-Mann,Argentina,Neuquén,7 5th Way
391,Murphy-Rodriguez,Poland,Wierzawice,83365 Susan Lane
392,Stokes-Kozey,China,Rongxiang,49899 Goodland Road
393,Heaney Inc,China,Yangtan,6 Wayridge Center
394,Heathcote LLC,Indonesia,Congkar,1916 Sundown Crossing
395,"Lind, Windler and Rolfson",Malaysia,Klang,27 Valley Edge Avenue
396,"Anderson, Jerde and Koepp",Burkina Faso,Djibo,40 Sheridan Point
397,Heidenreich-Hahn,Cuba,Campechuela,34214 Declaration Hill
398,Mitchell-Lynch,Netherlands,Brunssum,1819 Clove Street
399,Champlin-Yost,Colombia,Galapa,07 Anderson Plaza
400,"Nader, Langosh and Corwin",Russia,Zyukayka,38095 Crownhardt Drive
401,Kub-Buckridge,China,Kangping,252 Crest Line Circle
402,Zulauf-Brekke,Brazil,Jandaia do Sul,4672 Shasta Court
403,Roberts and Sons,Colombia,Campamento,7201 Dwight Pass
404,"Swaniawski, Pfeffer and Bernier",China,Huilong,87 Grover Avenue
405,"Kulas, Tromp and Yundt",Czech Republic,Bystřice nad Pernštejnem,721 Forest Run Pass
406,"Emmerich, Moen and Metz",Norway,Trondheim,0 Haas Crossing
407,Mohr and Sons,Portugal,Boavista,07 Pond Park
408,"Bashirian, Glover and Ortiz",Armenia,Tandzut,60 Anthes Park
409,"Mraz, Osinski and Harber",Czech Republic,Kamenický Šenov,7254 Waywood Place
410,Macejkovic Inc,Philippines,Agoo,4 Novick Place
411,"Fadel, Lowe and Schamberger",China,Meipu,48 Porter Avenue
412,Jaskolski and Sons,Portugal,Alvalade,8 Fulton Crossing
413,Rippin-Gottlieb,Kazakhstan,Aqtaū,35905 Shelley Park
414,Jast LLC,Indonesia,Sukorejo,09221 Spaight Place
415,Emard-Steuber,Poland,Sośnicowice,78848 Fairview Parkway
416,"Murazik, Champlin and Ebert",Serbia,Gakovo,4 Annamark Court
417,Harber Group,Guyana,Rosignol,82173 2nd Drive
418,Brekke Inc,Kyrgyzstan,Naryn,56120 Kingsford Avenue
419,"Price, Torphy and Tromp",Greece,Galatás,33 Summerview Place
420,Leuschke Group,Russia,Borgustanskaya,8007 Scoville Avenue
421,"O'Hara, Baumbach and Feil",Poland,Jawornik,5316 Weeping Birch Point
422,Hettinger LLC,Japan,Kuroiso,8558 Schlimgen Way
423,Donnelly-Daugherty,Indonesia,Sobontoro,7 Summerview Place
424,"Watsica, Boyle and Lang",Brazil,Bela Vista,5236 Packers Circle
425,Conroy-Rodriguez,Russia,Businovo,31676 Shasta Crossing
426,"Swift, Rau and Carroll",Indonesia,Kotanopan,0 Dexter Avenue
427,"Lehner, Gulgowski and Ziemann",China,Shuitai,1 Granby Trail
428,Smitham LLC,Poland,Opatówek,757 Evergreen Circle
429,"Runolfsdottir, Hayes and Shanahan",Sweden,Borås,9658 Hermina Drive
430,"Mohr, Kunde and McLaughlin",Mauritius,Vacoas,8439 Scofield Circle
431,"Stroman, Rippin and Hagenes",Macedonia,Крушево,76537 Kings Way
432,"Koss, Schneider and Lynch",China,Hongshunli,8414 Melby Hill
433,Durgan-Lehner,Philippines,Consolacion,44136 Montana Road
434,Hackett LLC,Nigeria,Igbo Ora,65621 Packers Alley
435,Gusikowski-Torp,Russia,Cherëmushki,44 Independence Circle
436,"Morissette, Gleichner and Schaden",Ireland,Dunlewy,0 Victoria Hill
437,O'Conner and Sons,Serbia,Novi Kneževac,72053 Rowland Terrace
438,"Spencer, Grimes and Schuster",Ireland,Newmarket on Fergus,30 Merrick Hill
439,Langosh Inc,Indonesia,Sendangrejo,861 Fulton Road
440,"Nitzsche, Kiehn and Rau",Indonesia,Labuhantanggabesar,535 Kensington Center
441,Hammes Group,Comoros,Mramani,99862 Golf View Circle
442,"Dickinson, Mante and Marks",Portugal,Tamel,7507 Lerdahl Circle
443,Nienow Group,France,Tours,067 Trailsway Circle
444,Upton-Purdy,Indonesia,Kalangbret,4975 Express Junction
445,"Mills, Ondricka and Hartmann",Nicaragua,Jalapa,85899 Lakewood Place
446,Kuhn-Kuphal,Yemen,Bāqim as Sūq,77879 Marcy Parkway
447,"Kiehn, Kemmer and Krajcik",China,Yuncheng,7 Rusk Point
448,Crona-Nienow,Poland,Łapczyca,1 Orin Terrace
449,Towne Inc,Brazil,Itapira,6701 Lunder Plaza
450,Barrows and Sons,Egypt,Toukh,833 Glacier Hill Terrace
451,"Reichert, Koepp and Hoppe",Canada,Château-Richer,0 Pierstorff Court
452,Nitzsche and Sons,Argentina,Ingenio La Esperanza,456 Boyd Road
453,"Strosin, Blanda and Strosin",Sweden,Landskrona,94 Mallard Center
454,Luettgen Group,Greece,Malesína,078 Northridge Road
455,"Corkery, Bogisich and Mayert",Honduras,Nacaome,80774 Mayer Alley
456,Brakus-Vandervort,Vietnam,Phú Vang,137 Boyd Way
457,"Leannon, Bernier and Kessler",Indonesia,Sambong,7335 Little Fleur Road
458,"Maggio, Maggio and O'Conner",China,Yuquan,95 Loeprich Alley
459,"Swaniawski, Ryan and Stokes",Poland,Budzów,75 Petterle Point
460,Balistreri-Larkin,Russia,Dobryanka,08 Barby Lane
461,Runte-Schmeler,Argentina,Tama,610 Coolidge Center
462,Blanda and Sons,China,Yangshuo,30063 Logan Circle
463,Swaniawski-Fisher,Lebanon,El Hermel,33 Homewood Plaza
464,"Franecki, Roberts and MacGyver",Canada,Montréal,9119 Center Circle
465,Adams Group,Japan,Inuotose,68 Northview Hill
466,Koepp Inc,Portugal,Azenhas do Mar,33 Washington Trail
467,Kshlerin-Rempel,Albania,Kavajë,7434 Fordem Lane
468,Jenkins-Hilll,Indonesia,Cipesing,4 Onsgard Plaza
469,Abernathy-Schultz,China,Huangbu,1 Elka Plaza
470,"Conroy, Rowe and Stroman",Russia,Petushki,7253 Sutteridge Alley
471,Koss LLC,Sweden,Västerås,98802 Green Circle
472,"Littel, West and Torp",Suriname,Moengo,31977 Elka Crossing
473,O'Conner LLC,China,Fangjun,4 Fremont Avenue
474,Haley and Sons,Nigeria,Jalingo,254 Becker Place
475,Reynolds-Nolan,Russia,Sudzha,0 Rowland Junction
476,Zemlak LLC,Czech Republic,Horní Štěpánov,2238 Shasta Circle
477,"Nolan, Hane and Rodriguez",Mexico,Fovissste,7 Valley Edge Alley
478,Emard Inc,Thailand,Pathum Rat,3309 Oak Court
479,Kshlerin-Reinger,China,Xiaoruo,1164 Gerald Court
480,Waters-Schoen,Russia,Magnitka,19303 Lien Alley
481,Effertz-Tillman,Philippines,Bagakay,1483 Raven Place
482,Grant Group,Croatia,Kruševo,757 Glacier Hill Parkway
483,"Tillman, Von and Fritsch",Russia,Dachnoye,4 Garrison Pass
484,Schmidt-Stark,Sweden,Göteborg,212 Namekagon Point
485,Reynolds Inc,Philippines,Tagum,2 Anniversary Junction
486,"Doyle, Vandervort and Stroman",China,Huangshanguan,23549 Pankratz Circle
487,"Prosacco, Effertz and Goldner",Poland,Glinojeck,04 Anzinger Way
488,"Lakin, Homenick and Crooks",Philippines,Tucdao,07768 Blue Bill Park Drive
489,Rath-Kuhlman,Portugal,Sarrazola,7 Mcbride Crossing
490,Lockman-Rodriguez,Poland,Wapno,743 Riverside Circle
491,Barrows LLC,China,Wujiao,1 Kim Street
492,Fay Inc,Russia,Kharp,3198 Erie Terrace
493,"Littel, Runolfsson and Boyle",China,Zouma,88721 Hanson Court
494,Kunze-Dietrich,Ukraine,Bilovods'k,25829 Declaration Park
495,Keebler and Sons,China,Damiku,2436 Little Fleur Point
496,Rau-Shanahan,Bosnia and Herzegovina,Brčko,6656 Thompson Trail
497,Corkery and Sons,Afghanistan,Asadābād,59129 Novick Avenue
498,Kutch and Sons,Greece,Oropós,48088 Lakewood Gardens Way
499,Steuber-Witting,Ukraine,Zaliznychne,58 Florence Park
500,Dickinson-Johnston,Syria,Nāḩiyat as Sab‘ Biyār,98556 Graceland Point
501,Kuhlman Group,Portugal,Arco de Baúlhe,05 Gerald Pass
502,Considine LLC,China,Xikou,3345 Coolidge Terrace
503,Ferry-Dare,Albania,Gjirokastër,16 Warner Road
504,Greenfelder-Carroll,Indonesia,Bagok,57632 Memorial Parkway
505,Schiller-Brakus,Sao Tome and Principe,São Tomé,398 Talisman Point
506,Rolfson LLC,Uzbekistan,Xo’jayli Shahri,2 Lake View Parkway
507,"Dicki, Kerluke and Becker",Ireland,Gorey,57390 Reindahl Parkway
508,"Toy, Olson and Kling",Indonesia,Sipirok,02248 Graceland Parkway
509,Rodriguez-Funk,Mexico,El Zapote,55 Reinke Terrace
510,Herzog-Volkman,Bosnia and Herzegovina,Milići,3792 Kenwood Hill
511,Adams Group,United States,Midland,220 Tennessee Plaza
512,Zulauf Group,China,Qinglian,04714 Carioca Pass
513,Christiansen-Hegmann,Thailand,Lampang,52563 Barby Road
514,"Orn, Smitham and Ortiz",China,Heicheng,5969 Glendale Lane
515,Legros-O'Hara,Indonesia,Leles,000 Rutledge Terrace
516,Rempel Inc,Cameroon,Ndom,21913 Independence Park
517,"Connelly, Reilly and Windler",Thailand,Yala,2353 School Hill
518,Frami Group,Portugal,Estrada,80266 Mayfield Hill
519,"Cole, Mills and Jacobs",China,Xiaohe,01 Hagan Trail
520,"Turcotte, Reinger and Rowe",Greece,Armenokhórion,412 Anthes Court
521,Larson-Hills,Thailand,Wang Chan,2 Lien Center
522,Donnelly-Wuckert,China,Tucheng,01357 Marcy Lane
523,Moen-Von,China,Ligang,12 Pearson Plaza
524,VonRueden Inc,Paraguay,Tacuatí,9285 Lukken Circle
525,"Hilpert, O'Connell and O'Hara",China,Shashi,224 Summerview Place
526,Tremblay Group,France,Carquefou,19892 Morningstar Avenue
527,Schmidt and Sons,Malaysia,Alor Setar,01960 Jenifer Center
528,Cartwright Group,China,Shicheng,0 Birchwood Hill
529,Heidenreich-Donnelly,Syria,Barrī ash Sharqī,63024 Eliot Avenue
530,"O'Reilly, Stroman and Howell",Japan,Innoshima,4 Carioca Terrace
531,"Ward, Dicki and Johns",United States,Sunnyvale,1003 Amoth Point
532,Langosh-Mann,France,Nanterre,0 3rd Point
533,Nader Group,China,Shentong,8 Commercial Place
534,Raynor Group,Malawi,Salima,11 Hermina Hill
535,"Bahringer, Moore and Moore",Sweden,Saltsjö-Boo,12 Hanson Alley
536,"Gutmann, Bins and Blick",Venezuela,Bachaquero,80 Dwight Junction
537,"Runolfsson, Green and Ratke",Georgia,Akhaltsikhe,444 2nd Drive
538,"Schneider, Schneider and Fadel",Tunisia,Sahline,52106 Alpine Park
539,Bernier-Turcotte,China,Renyi,64652 West Drive
540,Nolan Group,Portugal,Terrugem,7645 Carioca Alley
541,Berge-Gerlach,Mexico,Independencia,1 Hazelcrest Street
542,"Walker, Fay and Konopelski",China,Haolibao,51 Laurel Center
543,"MacGyver, Rice and Gislason",China,Nanhai,02729 School Street
544,Gulgowski-Schulist,Indonesia,Banjar Anyar,7 Northwestern Circle
545,Schmeler-Ward,Albania,Gjirokastër,79853 Division Avenue
546,Windler Inc,Ethiopia,Tippi,652 Rockefeller Pass
547,Gutmann-Johnson,Brazil,Jaciara,50791 Buena Vista Avenue
548,Boyer Group,Philippines,Esperanza,20723 Hazelcrest Terrace
549,O'Reilly Group,Philippines,Araal,44 8th Place
550,Graham LLC,Latvia,Valka,6565 Alpine Junction
551,Bashirian-Morissette,Indonesia,Telengsari,83 Magdeline Point
552,Hagenes-Bednar,Greece,Krokeaí,0 Gina Crossing
553,"Lockman, Grimes and Simonis",Brazil,Itaquaquecetuba,885 Longview Lane
554,Pacocha and Sons,Philippines,Estacion,8 Amoth Avenue
555,Boehm and Sons,Colombia,La Mesa,79675 Burning Wood Lane
556,Osinski-Braun,Mexico,Reforma,12774 Mayfield Drive
557,Balistreri-Frami,China,Shigongqiao,4482 Mcguire Parkway
558,Rath-Kunde,Colombia,El Banco,7886 Northport Avenue
559,"Huel, Hirthe and Morar",Brazil,Maringá,1 Golf Course Lane
560,"Yundt, Gleichner and Cronin",Ecuador,Quevedo,002 Eastwood Crossing
561,Murphy-Frami,Malta,Santa Luċija,60132 Springs Crossing
562,Torp-Langosh,Venezuela,Maripa,36 Crest Line Pass
563,Hintz-Altenwerth,Moldova,Floreşti,10 Stoughton Park
564,"Hansen, Weimann and Kuphal",Indonesia,Gambarjati,9 Evergreen Lane
565,"Doyle, Cruickshank and Gutmann",Norway,Oslo,1275 Spaight Lane
566,Heller and Sons,Azerbaijan,Agdzhabedy,82 Eliot Drive
567,Rolfson-Goldner,Russia,Lukhovka,112 Pleasure Drive
568,Hane-Hartmann,Poland,Radzyń Chełmiński,58274 Commercial Court
569,Zieme LLC,Indonesia,Sidorejo,7 Spenser Alley
570,Bashirian Group,Brazil,Rio das Ostras,25 Sunnyside Street
571,O'Keefe and Sons,Indonesia,Kotaagung,14478 Northview Circle
572,"Fisher, Rutherford and Wisozk",China,Haimen,97068 Ruskin Circle
573,Frami and Sons,Russia,Desnogorsk,70613 Trailsway Drive
574,"Christiansen, Hauck and Pfeffer",Sri Lanka,Kelaniya,7 Westport Place
575,"Luettgen, Schamberger and Keebler",Brazil,Pilar,1305 Blaine Avenue
576,"Fay, Kohler and Russel",Mexico,Santa Rosa,0339 Veith Drive
577,Bailey-Kutch,France,Bordeaux,6021 Haas Drive
578,Simonis Inc,United Kingdom,Leeds,265 Burrows Circle
579,"Koelpin, Auer and Graham",Portugal,Vila Chã do Monte,59691 Onsgard Drive
580,Breitenberg and Sons,Indonesia,Kotauneng,36 Porter Circle
581,Gibson-Kulas,Indonesia,Barang,0 Miller Plaza
582,"Ankunding, Braun and Grant",Japan,Gyōda,10736 Old Gate Trail
583,"Crist, Tillman and Howell",Philippines,Mabini,4989 Crownhardt Junction
584,Hirthe-Abshire,Vietnam,Thị Trấn Phú Mỹ,6 Hagan Pass
585,"Treutel, Cummerata and Jacobs",Portugal,Cachadinha,546 Grayhawk Court
586,Rutherford Inc,China,Dazhou,3301 Elka Center
587,Aufderhar and Sons,China,Shitang,0130 Aberg Street
588,"Ledner, Metz and Robel",France,Pau,5 Oriole Way
589,Schneider-Hansen,United States,Chicago,5108 Thackeray Court
590,Morissette Group,Armenia,Dimitrov,6200 Mifflin Point
591,"Howe, Mohr and Renner",Sweden,Älvsjö,37 Pearson Court
592,"Huel, Tromp and Hagenes",Indonesia,Pegongan,91412 Brown Street
593,"Beer, Schaden and Moore",Nicaragua,Jinotepe,7152 Green Ridge Terrace
594,"Gottlieb, Schmidt and D'Amore",Vietnam,Hoàn Kiếm,3 Kipling Circle
595,"Conn, Bayer and Bode",Iran,Torbat-e Jām,46467 Hovde Junction
596,"Fay, Monahan and Dooley",Indonesia,Pabean,7201 Leroy Terrace
597,"Gutkowski, Quigley and King",Mongolia,Balgatay,7312 Service Lane
598,"Koepp, Leuschke and Stamm",China,Qiaotou,3023 Sullivan Junction
599,"Hagenes, Toy and Ernser",Thailand,Bang Mun Nak,084 Jenifer Avenue
600,Kulas-Beier,Egypt,Hurghada,099 Superior Road
601,Toy Group,Indonesia,Ganjaran,95562 Morningstar Pass
602,"Braun, Brown and Schowalter",China,Zhangqiang,641 Blaine Road
603,Waelchi LLC,Portugal,Janes,33 Scott Circle
604,Doyle and Sons,Indonesia,Gesik,3796 Buhler Drive
605,Buckridge and Sons,Russia,Lesnikovo,3 8th Street
606,Reichert Group,Philippines,Impalutao,65 Hagan Lane
607,Boyle LLC,Iran,Pīshvā,60 Cottonwood Street
608,Dooley-Oberbrunner,Poland,Czarna Dąbrówka,5 Moland Road
609,Hilpert and Sons,Argentina,Junín,5 Delaware Alley
610,"Schamberger, Walter and Blanda",China,Mazhu,079 Delaware Alley
611,"Conn, Lowe and Ebert",Indonesia,Mawa,53515 Goodland Avenue
612,Dicki-Bins,China,Tongshan,2256 Hoffman Junction
613,"Thiel, Mohr and Toy",China,Huidong,2300 Monica Hill
614,Auer-Boyer,Pakistan,Baddomalhi,563 Fordem Circle
615,"Renner, Rohan and Jacobs",Benin,Allada,36248 Butterfield Parkway
616,McCullough Group,Yemen,Al Ḩumaydāt,0 Graedel Circle
617,Cruickshank-Simonis,Greece,Émponas,362 Hazelcrest Circle
618,"Gusikowski, O'Connell and Ritchie",Colombia,Florencia,0 Arapahoe Trail
619,"Raynor, Lind and Skiles",Serbia,Ostružnica,8881 Corben Crossing
620,"Hintz, Spinka and Beatty",Canada,Lions Bay,01062 Summer Ridge Street
621,Orn-Hermiston,United States,Toledo,54 Clove Street
622,"Ziemann, Cremin and Ledner",Madagascar,Mahajanga,483 Canary Circle
623,Pouros Group,Venezuela,Santa Bárbara,3923 Basil Alley
624,Walsh-McLaughlin,Venezuela,Capatárida,65976 Emmet Plaza
625,Bahringer-Bailey,Indonesia,Danirai,24073 Pierstorff Pass
626,Fritsch-Heller,Indonesia,Hewa,63 Londonderry Trail
627,Lindgren-Armstrong,El Salvador,San Juan Opico,92141 Summerview Court
628,Windler-Satterfield,Luxembourg,Lenningen,4010 Muir Court
629,Barrows LLC,Japan,Hakodate,57238 South Avenue
630,Kilback-Graham,Colombia,Ciénaga,3 Surrey Park
631,Adams and Sons,Czech Republic,Zubří,905 Bluejay Alley
632,"Gottlieb, Leuschke and Bogan",Czech Republic,Topolná,50747 Northview Drive
633,Gaylord-Lockman,Syria,Qārah,26415 Talmadge Park
634,Mueller and Sons,Argentina,La Quiaca,59 Johnson Crossing
635,"Predovic, Schinner and Keeling",Argentina,Puerto Madryn,81986 Erie Center
636,Stokes-McGlynn,France,Saint-Grégoire,7436 Tennessee Avenue
637,"Schinner, Streich and Durgan",Argentina,Unquillo,52 Vernon Way
638,Shanahan-Halvorson,Indonesia,Atap,25361 Tennyson Place
639,Kautzer-Huel,Indonesia,Fatualam,594 Eliot Center
640,Abbott-Treutel,Russia,Tver,61813 Petterle Court
641,Hirthe-Homenick,Bolivia,Lintaca,23682 Elka Alley
642,Raynor-Lakin,Portugal,Negreiros,64 Main Way
643,"Von, Rosenbaum and Bernier",Vietnam,Huế,515 Barby Trail
644,"Kunze, Runte and Yost",China,Taoyuan,6529 Melrose Circle
645,"Altenwerth, Aufderhar and Flatley",Indonesia,Pasarnangka,3691 Old Gate Alley
646,Harvey Group,Peru,Huacrapuquio,1981 Crescent Oaks Avenue
647,Aufderhar LLC,Argentina,General Enrique Godoy,08 Dottie Road
648,"Lueilwitz, Corwin and Schroeder",Norway,Fredrikstad,391 Burrows Road
649,"Runte, Green and Haley",Ethiopia,Dabat,686 Clemons Trail
650,"Huel, Barrows and Williamson",Sweden,Nyköping,54 Buena Vista Lane
651,"Grant, Mohr and Adams",Yemen,Al Mukallā,3 Doe Crossing Avenue
652,"Quigley, Murray and Hilll",Poland,Michałowice,4512 Hovde Avenue
653,Howe LLC,Sweden,Stockholm,2 Continental Center
654,Halvorson-Kihn,Sweden,Hofors,622 Montana Circle
655,Greenfelder-Bartell,China,Meilisi,234 Prairie Rose Place
656,Schuster-Hagenes,Russia,Novyye Cherëmushki,082 Moulton Lane
657,"Rohan, Jast and Fisher",China,Luoshan,35336 Mayfield Lane
658,Quigley-Bode,Sweden,Alunda,02158 Knutson Parkway
659,"O'Connell, Moen and Jones",China,Suyang,1310 Thackeray Terrace
660,Schneider-Sauer,Portugal,Campo,004 Spaight Terrace
661,"Hettinger, Sipes and Stiedemann",China,Yanglang,40 Stephen Junction
662,Fritsch Group,Ireland,Castlemartyr,245 Prairie Rose Crossing
663,"Beahan, Waters and Kozey",Chad,Mao,74 Florence Point
664,Gusikowski-Sauer,Indonesia,Talondang,0618 Barnett Crossing
665,Bergnaum-Klocko,Indonesia,Tambakan,5 Troy Point
666,"Schiller, Keebler and Homenick",Norway,Steinkjer,15 Arapahoe Park
667,"Collins, Reilly and Lang",Nigeria,Kaingiwa,35988 Melvin Hill
668,"Simonis, Morar and Schroeder",Honduras,Duyure,6400 Lawn Way
669,"Rau, Gutkowski and Hessel",Portugal,Póvoa,4 Springs Trail
670,"West, Grimes and Raynor",Guatemala,La Gomera,75919 Hudson Parkway
671,Klein and Sons,China,Huiwen,31 Eastlawn Hill
672,Gleason and Sons,China,Maxiao,10022 Hagan Lane
673,Konopelski and Sons,Indonesia,Weepangali,27056 Delaware Junction
674,Gottlieb-Konopelski,China,Pubu,36194 Burrows Lane
675,Heathcote-Welch,Indonesia,Olejet,788 Village Green Avenue
676,Rippin-Bednar,Philippines,Ugac Sur,4 Armistice Street
677,Predovic-Blanda,Philippines,San Pedro,65108 Forest Plaza
678,Monahan and Sons,Russia,Staronizhestebliyevskaya,15 Upham Street
679,"Nitzsche, Orn and Considine",Pakistan,Chowki Jamali,4656 Merrick Avenue
680,West Inc,Macedonia,Ohrid,87 Fremont Parkway
681,"Nolan, Kuhlman and Vandervort",Indonesia,Robatal,2414 Milwaukee Way
682,Lemke-Gleason,United States,Fort Smith,93 Ridge Oak Plaza
683,Ullrich-Durgan,Philippines,Sabang,29 Hovde Circle
684,Russel Group,Japan,Fujikawaguchiko,20805 Mendota Alley
685,Barrows-Howe,Mexico,Vicente Guerrero,8 Spohn Pass
686,Doyle Inc,Kyrgyzstan,Kyzyl-Kyya,52 Moland Way
687,Bergstrom-Hyatt,Russia,Pokrovskoye-Streshnëvo,28931 Brickson Park Pass
688,Schimmel LLC,Russia,Glubokiy,209 Mitchell Plaza
689,Sauer-Mraz,Indonesia,Sindangjati,79 Summerview Junction
690,Marquardt-Halvorson,France,Meylan,56 Ohio Hill
691,Quigley Inc,Russia,Nizhniy Lomov,8149 Forest Alley
692,Hane-Kovacek,Czech Republic,Nový Bydžov,74613 Westridge Way
693,Nienow Group,Ireland,Cashel,33 Clyde Gallagher Plaza
694,"Schoen, Predovic and Batz",United Kingdom,Seaton,3 Meadow Ridge Street
695,Bogan Group,Russia,Perelyub,3814 Buhler Hill
696,Treutel Inc,Indonesia,Kragan,88 Homewood Place
697,Ortiz Group,China,Enhe Hada,887 Veith Place
698,Jenkins and Sons,Russia,Dubna,5 West Trail
699,"Corkery, Russel and Wuckert",Macedonia,Неготино,1 Rutledge Circle
700,Doyle-Waelchi,Philippines,Bualan,298 Pierstorff Place
701,"Fisher, Heathcote and Barrows",Poland,Laszki,51514 Kensington Way
702,"Pfannerstill, Emard and Denesik",Chile,Rauco,943 Tomscot Lane
703,"Kovacek, Macejkovic and Daugherty",Russia,Morshansk,96182 Anhalt Hill
704,Weimann LLC,Bulgaria,Kotel,923 Toban Hill
705,Gislason-Morissette,Brazil,Capinzal,36614 Dapin Road
706,"Franecki, Zemlak and Berge",Yemen,Sayyān,8871 Schiller Road
707,"Schimmel, Bode and Murazik",France,Toul,52 Forest Run Center
708,Doyle-Bosco,China,Longqiao,27 International Crossing
709,Herzog-Hills,Philippines,Lingion,34 Bashford Road
710,Mayert and Sons,Canada,Abbotsford,8723 Mifflin Point
711,Hoeger-Dickinson,Brazil,Barra de São Francisco,3421 Hermina Junction
712,"Dach, Waelchi and Goyette",Tunisia,Siliana,78934 Corscot Drive
713,Renner Inc,Philippines,Magsalangi,3 Tennessee Terrace
714,Konopelski LLC,Indonesia,Obesi,2 Northfield Lane
715,Heaney and Sons,Vietnam,Duyên Hải,304 Mesta Court
716,"Halvorson, Gislason and Kemmer",China,Leshan,23935 Heath Court
717,"Gibson, McDermott and Spencer",Yemen,Al Khāniq,5460 Coolidge Place
718,Brown-Nader,China,Jinping,0438 Rutledge Road
719,Schuppe Group,France,Aulnay-sous-Bois,367 Nevada Parkway
720,Bartell and Sons,China,Shimen,78 Crescent Oaks Alley
721,Wunsch-Schimmel,Dominican Republic,Neiba,3 Golden Leaf Plaza
722,"Kuhic, Gutmann and Lang",Colombia,Florencia,2364 Washington Avenue
723,"Yundt, Moore and Tromp",Philippines,Masaling,75332 Arrowood Place
724,O'Hara-Kub,United States,Whittier,26283 Lyons Hill
725,"Donnelly, Mueller and Altenwerth",Armenia,Vanadzor,3 Doe Crossing Plaza
726,Monahan-Watsica,Venezuela,Barinitas,505 Manitowish Way
727,"Hintz, Ziemann and Hoeger",Russia,Ullubiyaul,115 Vernon Street
728,Morissette-Hoeger,Vietnam,Thị Trấn Yên Châu,5266 Chive Parkway
729,Bosco-Hayes,France,Rennes,0935 Calypso Street
730,Shields Inc,Madagascar,Tsiombe,8061 Corry Park
731,"Kozey, Renner and MacGyver",France,Perpignan,90309 Badeau Parkway
732,Swaniawski-Homenick,Colombia,Quibdó,2586 Kenwood Junction
733,Kuvalis Group,Indonesia,Werasari,5077 Superior Lane
734,VonRueden-McClure,Brazil,Guará,562 Oakridge Avenue
735,"Cummerata, Prohaska and Will",Portugal,Lameira,8104 Caliangt Lane
736,Conn-Sawayn,Indonesia,Gampengrejo,107 Vernon Junction
737,"Rowe, Huels and Greenholt",China,Guajiasi,84310 Boyd Way
738,Barrows-Simonis,Indonesia,Candi,983 Fair Oaks Drive
739,O'Hara-Dickinson,Portugal,Barrosa,8481 Farwell Lane
740,Crooks-Hegmann,Canada,Maple Ridge,52254 South Terrace
741,Pouros Group,France,Carpiquet,3 Comanche Street
742,Mueller LLC,Japan,Nakatsu,574 Division Center
743,Dicki Inc,South Korea,Samsan,8 Toban Avenue
744,"Cummings, Altenwerth and Abshire",Uzbekistan,Qorovulbozor Shahri,90 Mitchell Trail
745,"Jerde, Toy and Rau",China,Taiping,8694 Harbort Crossing
746,"Feeney, Sauer and Jenkins",China,Xiguantun Muguzu Manzuxiang,1 Morningstar Center
747,Marquardt Inc,Serbia,Čortanovci,4 Kingsford Court
748,Jacobs and Sons,Colombia,Sahagún,5 Magdeline Point
749,"Labadie, Fahey and Casper",Peru,Huayllati,682 Grover Court
750,Bechtelar-Gutmann,Peru,Paico,2090 Caliangt Parkway
751,"Kozey, Koss and Mann",Ireland,Navan,03 Cascade Junction
752,McKenzie and Sons,United States,Hartford,80 6th Junction
753,Ullrich-Muller,Vietnam,Prao,5559 Melvin Hill
754,Schinner-Lakin,United Kingdom,Birmingham,32 Lawn Alley
755,Schuster Group,Indonesia,Lohong,5078 Thierer Street
756,"Carroll, Kunde and Prohaska",China,Erhaodi,8 Debs Trail
757,Auer-Klein,Philippines,Pata,49 6th Trail
758,Gleason-Fadel,China,Lingbei,8 Sommers Park
759,Armstrong Inc,Netherlands,Den Haag,41 Daystar Center
760,Rolfson-Considine,China,Yingwusitang,40 Fairview Terrace
761,Emard-Sporer,China,Mingshan,7 Farmco Center
762,Zieme LLC,Indonesia,Cineumbeuy,281 Clemons Circle
763,Leuschke and Sons,Russia,Pallasovka,03950 Nova Junction
764,Herman-Armstrong,United States,Austin,1697 Anniversary Circle
765,Bosco Group,China,Lishu,78856 Marquette Avenue
766,Hartmann-Swift,Indonesia,Maukaro,5872 Fuller Terrace
767,Sanford-Wilderman,Indonesia,Banda Layung,7 Wayridge Street
768,Koss-Jacobson,Indonesia,Malabar,4 John Wall Alley
769,"Tromp, Murphy and Rolfson",Sweden,Karlskrona,6715 Ludington Lane
770,"Mills, Sipes and Wolf",China,Koktokay,02783 Merrick Drive
771,Flatley Group,Indonesia,Banjar Yehsatang,9 Prairie Rose Place
772,Gleichner-Denesik,Indonesia,Dami,7 Superior Alley
773,Schultz and Sons,Sweden,Umeå,0972 Upham Alley
774,Collier-Donnelly,Nigeria,Ondo,562 Spaight Street
775,"Hegmann, Reinger and Greenfelder",Belarus,Druya,3789 Fuller Parkway
776,Reilly-Buckridge,Honduras,La Sabana,641 Fallview Crossing
777,Kovacek-Hartmann,Russia,Almaznyy,40553 Quincy Court
778,Wisoky Inc,Poland,Września,9423 Debs Trail
779,Morissette-Yost,Peru,Marcabal,272 6th Drive
780,Wisozk-Koch,Argentina,Vera,950 Logan Drive
781,Shields and Sons,Brazil,Buriti Alegre,3 Summit Crossing
782,Cassin-Osinski,Greece,Palekastro,132 Utah Pass
783,"Schuster, Adams and Dach",China,Chengdong,82919 Ronald Regan Trail
784,"Reilly, Brown and Legros",Nigeria,Ekpoma,62 Southridge Street
785,"Schaden, Mertz and Wolf",Indonesia,Soe,31 Maryland Way
786,"Schimmel, Hettinger and Jacobi",South Africa,Koppies,4332 Loomis Hill
787,Windler-Reilly,Vietnam,Lộc Bình,0434 Nelson Center
788,Nolan and Sons,China,Xiyuan,496 Golf Park
789,Thompson Inc,Indonesia,Jambean,420 Corscot Court
790,Sanford and Sons,France,Saint-Gaudens,6 Ridge Oak Road
791,Skiles and Sons,Czech Republic,Polepy,151 Farragut Court
792,"Quitzon, Steuber and Hermiston",Indonesia,Desa Nasol,15610 Luster Place
793,Conn LLC,Indonesia,Sumberdadi,63616 Bluejay Way
794,"Stamm, Heaney and Waelchi",Tanzania,Bunda,2296 Golf Course Terrace
795,"Witting, Cremin and Hyatt",Ethiopia,Genet,34 Tennyson Hill
796,Jaskolski-Nienow,Greece,Kýthnos,4 Sheridan Drive
797,Beier-Schuppe,Indonesia,Gambiran,446 Butterfield Avenue
798,Kovacek-Littel,Germany,Bonn,695 Fulton Avenue
799,Runte LLC,Brazil,Entre Rios,9357 Parkside Alley
800,"Harber, Buckridge and Champlin",Sweden,Storvik,89580 Thierer Pass
801,Rau Group,China,Jingzhou,36 Sunfield Road
802,"Kunde, Collins and Parisian",Greece,Peristerá,8 Green Place
803,"Rice, Walter and Johns",Turkey,Yeniköy,99 Twin Pines Park
804,O'Keefe LLC,Philippines,San Vicente,09 Starling Alley
805,Goodwin-Maggio,Indonesia,Dairiti,500 Valley Edge Circle
806,Wuckert and Sons,Philippines,Bayang,98 Evergreen Point
807,"Glover, Brekke and Conroy",United Kingdom,Dean,7787 Florence Way
808,"Murray, Abshire and Christiansen",China,Gujiang,09 Redwing Avenue
809,Dickinson and Sons,Sweden,Hägersten,80414 Michigan Park
810,"Leannon, Bailey and Upton",China,Dingbu,686 Myrtle Park
811,Roberts Inc,Canada,Port Moody,7055 Rutledge Pass
812,Watsica-Bosco,France,Paris 17,5220 Havey Crossing
813,VonRueden-Anderson,Russia,Severo-Yeniseyskiy,8928 Merry Park
814,Beer Inc,Canada,Powassan,255 Spenser Terrace
815,Daugherty Group,China,Tiemen,1 Rockefeller Crossing
816,"Stark, Strosin and Borer",France,Nîmes,25384 Blue Bill Park Alley
817,D'Amore and Sons,Philippines,Tigbinan,6 Melby Junction
818,Crona Group,Ukraine,Stari Kuty,95735 Warrior Avenue
819,Green-Russel,Dominican Republic,Villa Bisonó,357 Clyde Gallagher Road
820,Renner-Lang,United States,Boca Raton,834 Dayton Point
821,Smitham Inc,China,Dapuchaihe,45 Banding Parkway
822,"Herman, White and Franecki",Israel,Qiryat Shemona,8122 Ronald Regan Center
823,Wilkinson Group,Poland,Mosty,1159 Gateway Way
824,"Jenkins, Harvey and Johns",United States,Virginia Beach,51616 Havey Avenue
825,Hilll-Armstrong,Thailand,Taling Chan,99584 Sycamore Place
826,Hoppe Group,South Sudan,Kajok,23532 Longview Junction
827,Bartoletti LLC,China,Hexi,3 Grasskamp Court
828,Beatty LLC,China,Lintingkou,00121 Larry Court
829,Baumbach-Sauer,South Korea,Suncheon,07096 Karstens Road
830,"Moen, Kutch and Osinski",Greece,Palaífyto,7 Hintze Avenue
831,Gottlieb-Stanton,Indonesia,Oepuah,5525 Lake View Place
832,Boyle-Schimmel,Poland,Kortowo,084 Farwell Lane
833,Hilll LLC,Indonesia,Cikijing,65 1st Alley
834,Stokes-Corwin,Bolivia,Concepción,87 Katie Hill
835,Hudson Inc,China,Xinlong,0354 Maywood Drive
836,Lueilwitz LLC,Dominican Republic,Esperanza,88 Pond Circle
837,Koelpin LLC,Indonesia,Kubangwaru,0954 Hayes Trail
838,"Tromp, Toy and Hintz",Brazil,Camaquã,3652 Farragut Park
839,"Windler, Fay and Jenkins",Central African Republic,Carnot,515 Moose Junction
840,Larkin Inc,Indonesia,Wringinsari,26510 Orin Park
841,Beer-Towne,Indonesia,Krajan,2732 Evergreen Hill
842,"Donnelly, Christiansen and Pfannerstill",China,Sanhui,7903 Oxford Lane
843,Ullrich-Kunde,Indonesia,Lurut,9 Oakridge Drive
844,Rosenbaum-Reichert,Russia,Solomenskoye,785 Stoughton Alley
845,Morar-Harvey,Indonesia,Kendung Timur,2932 Erie Circle
846,Fadel-Carroll,Kazakhstan,Georgīevka,234 Northwestern Street
847,"Gorczany, Tillman and Morar",Indonesia,Bagiktinggang,36 Duke Way
848,Schoen and Sons,Costa Rica,Nandayure,35026 Shelley Road
849,Nader-Kuphal,Indonesia,Ciwaru,51986 Norway Maple Way
850,"Cassin, Senger and Sawayn",Portugal,São Miguel do Rio Torto,3163 Sutherland Pass
851,Brekke Group,France,Nancy,18 Ruskin Crossing
852,"Okuneva, Langosh and Erdman",Nigeria,Yajiwa,8806 Vidon Court
853,Pfeffer-Ondricka,Philippines,Santa Monica,8 Basil Center
854,Berge-Roberts,Poland,Prażmów,3 Kenwood Point
855,"Turcotte, Marks and Leffler",Indonesia,Talun,631 Fisk Plaza
856,O'Connell-Kessler,Peru,Lima Pampa,627 Jenna Center
857,Harris-Satterfield,Indonesia,Banjar Dukuh,76269 Westridge Center
858,"Toy, Harvey and Windler",Jamaica,Chapelton,1852 Jenifer Circle
859,"Ferry, Hoeger and Waters",Poland,Bystra,292 2nd Junction
860,Ward Group,China,Chengnan,9 Shelley Crossing
861,"Hyatt, Toy and Bogan",China,Yanjiang,04 Continental Place
862,Gulgowski Group,Sweden,Varberg,479 Logan Alley
863,Emard-Turner,Russia,Novyye Kuz’minki,6 Duke Road
864,Beier-Pfeffer,New Caledonia,Dumbéa,01287 Macpherson Alley
865,"Treutel, Bartell and Hand",Sweden,Göteborg,21 Corry Circle
866,"Mraz, Haag and Kuhic",China,Xinhua,46 Burrows Street
867,"Metz, Weber and Flatley",Argentina,Puerto Iguazú,17749 West Park
868,Rogahn LLC,Indonesia,Cimuncang,153 Hanover Place
869,"Ryan, Bergstrom and MacGyver",Indonesia,Manonjaya,31528 Heffernan Crossing
870,Konopelski-Lesch,Norway,Oslo,09 Moland Trail
871,Walsh and Sons,Russia,Gornyy,845 Nelson Avenue
872,Ledner-Hessel,Brazil,Entre Rios,5 Fremont Place
873,Hammes-Kuvalis,Djibouti,Djibouti,8757 Crownhardt Street
874,"Fahey, Stracke and Cummerata",Vietnam,La Gi,842 3rd Lane
875,Rau-Kemmer,China,Yuci,7846 Grover Lane
876,Rogahn Inc,Hungary,Pécs,09713 Banding Court
877,Feil-Kirlin,Cuba,Cueto,792 Spenser Drive
878,Lehner and Sons,Kenya,Kabarnet,708 High Crossing Place
879,Dare Group,Indonesia,Keli,54 Forest Run Avenue
880,Williamson-Moen,Russia,Pushkin,60600 Anderson Alley
881,Ritchie Group,France,Moissy-Cramayel,46 Scott Terrace
882,"Lebsack, Ondricka and Pagac",Philippines,Cagdianao,39 Ronald Regan Drive
883,Hudson and Sons,Brazil,Palmas de Monte Alto,527 Linden Way
884,Rippin and Sons,Thailand,Ranot,51 Susan Road
885,Von Group,Jordan,Ḩātim,81169 Mayer Hill
886,Collins Group,Brazil,Coronel Vivida,122 Arizona Court
887,Haley-Vandervort,Indonesia,Aelande,65338 Ryan Parkway
888,"Torphy, Hudson and McGlynn",China,Shengping,4198 Ludington Trail
889,Mraz and Sons,China,Guixi,9586 Division Lane
890,Stamm-Mueller,Argentina,Corralito,330 Green Ridge Crossing
891,Wilkinson LLC,China,Oroin Xibe,948 Fallview Alley
892,Kunze Inc,Ireland,Newmarket on Fergus,79 Nobel Street
893,"Spencer, Casper and Walker",Jamaica,Sandy Bay,0 Nancy Road
894,Reynolds-Brekke,Indonesia,Jabungsisir,67868 Lindbergh Alley
895,Bernhard-Cummings,Brazil,Porecatu,515 Darwin Place
896,Simonis-Bradtke,Argentina,Río Tercero,66357 Huxley Pass
897,Glover and Sons,France,Puteaux,32766 Westerfield Avenue
898,Heathcote Inc,Portugal,Odrinhas,046 Moland Lane
899,"Schimmel, Olson and Kulas",Indonesia,Tegalsari,39 Vera Point
900,"Johns, Spencer and Russel",Malaysia,Shah Alam,3 Spaight Pass
901,Powlowski-Harber,Ukraine,Chervonopartyzans’k,08789 Hoepker Junction
902,Greenfelder-Veum,Tanzania,Kyela,5 Merry Plaza
903,O'Hara and Sons,Sweden,Trelleborg,50905 Corben Center
904,"Casper, Hintz and Champlin",Russia,Khvorostyanka,51644 Fordem Lane
905,"Nolan, Douglas and Lehner",Sweden,Kåge,61 Colorado Park
906,"Dicki, Lockman and Wolf",China,Qidi,583 Westerfield Center
907,"Balistreri, Daniel and Douglas",Canada,Campbellton,087 Nevada Trail
908,Simonis-Cartwright,Sweden,Borås,9 Melrose Drive
909,Bruen Inc,Indonesia,Gebang,1570 Fallview Way
910,"Stiedemann, Borer and Metz",China,Xinshi,1010 Cambridge Crossing
911,Wuckert-Jacobson,Germany,Nürnberg,6 Sloan Crossing
912,Anderson-Jakubowski,Macedonia,Sredno Konjare,91 Rieder Pass
913,"Tremblay, Renner and Reichert",Czech Republic,Hrušovany u Brna,83305 Dakota Lane
914,Abbott Inc,China,Fenglin,198 Tony Plaza
915,Mills-Wolff,China,Yingde’er,05222 Spenser Avenue
916,Upton Inc,Norway,Oslo,1 Birchwood Point
917,Rohan-Runolfsson,Poland,Rybarzowice,11 Oneill Center
918,Zemlak and Sons,Philippines,Basing,70181 Tomscot Hill
919,"Streich, Jast and Murray",Portugal,Padre Nabeto,34 Nova Street
920,"Steuber, Russel and Brown",Indonesia,Tanjungrejo Lor,2136 Stoughton Road
921,"Stark, Watsica and Lemke",Mexico,Tierra Blanca,954 Esch Road
922,Towne and Sons,Pakistan,Mūsa Khel Bāzār,03 Pierstorff Court
923,Huel-O'Hara,Philippines,Mabua,13 Anhalt Park
924,"Stokes, Marvin and Jast",China,Changning,7615 Wayridge Park
925,Dickens-Towne,Poland,Stanowice,027 Rigney Park
926,Carter-Metz,Indonesia,Cinyasag,28 Rieder Road
927,Huel-Hessel,Indonesia,Jatirejo,40 Ridge Oak Crossing
928,"Fadel, Hickle and Streich",Colombia,La Uvita,2783 Muir Lane
929,"Okuneva, DuBuque and Brown",Mauritius,Fond du Sac,4 Messerschmidt Junction
930,Hartmann-Johns,Benin,Porto-Novo,43739 Meadow Vale Pass
931,"Wolf, Rutherford and Satterfield",China,Yangqing,972 Stoughton Center
932,"Kirlin, Stamm and Kertzmann",United States,Dallas,537 Manitowish Drive
933,Corkery Group,Russia,Murmansk,57011 Sullivan Pass
934,Johns-Ondricka,Venezuela,Chaguaramas,46355 1st Pass
935,Spinka and Sons,Central African Republic,Ippy,756 Troy Road
936,Emard-Block,Brazil,João Pessoa,1 Amoth Drive
937,Franecki-Kozey,Poland,Złotniki Kujawskie,2 Browning Court
938,Borer-Rohan,Finland,Kauniainen,345 Eagan Circle
939,"Johnston, Pollich and Swaniawski",China,Jincheng,18025 International Terrace
940,Bradtke-Dickens,Norway,Stavanger,885 Kropf Circle
941,"Harvey, Trantow and Towne",Russia,Uzlovaya,6999 Northwestern Plaza
942,Bashirian and Sons,China,Yangjingziwan,459 New Castle Crossing
943,"Hills, Langworth and Mohr",Japan,Yanai,83 Service Terrace
944,Marks and Sons,Norway,Porsgrunn,16 Ohio Drive
945,"Crist, Klein and Schmitt",Argentina,Clodomira,034 Texas Park
946,"Mraz, Padberg and Bashirian",France,Niort,1 Westerfield Hill
947,Abbott LLC,Indonesia,Karangboyo,2597 Spohn Center
948,"Kris, Kirlin and Kulas",South Africa,Bloemfontein,2069 Green Lane
949,"Wilderman, Leffler and Rogahn",Indonesia,Karangori,53989 Sauthoff Center
950,Williamson-Emard,China,Poxi,586 Stuart Plaza
951,Bernhard-Morar,United Kingdom,Norton,51952 Dovetail Street
952,Rowe LLC,Brazil,Laguna,5 Truax Street
953,"Lakin, Fahey and Bruen",China,Shangganshan,0357 Hoard Parkway
954,Hauck-Muller,Portugal,Odivelas,49 Dwight Center
955,Price-Balistreri,Bulgaria,Radomir,181 Jana Trail
956,"Wehner, Blick and Runte",Indonesia,Kembang,91 Mccormick Circle
957,"Brekke, Hirthe and Kilback",China,Changzheng,40356 Fairfield Street
958,Olson-Ondricka,Russia,Borok,4440 Menomonie Junction
959,"Wolff, McClure and Bradtke",Greece,Zográfos,58520 Kingsford Avenue
960,Pagac-Olson,China,Shuangmiao,37 Monica Street
961,Runolfsson and Sons,China,Jiangkou,67029 Corry Lane
962,Walker-Botsford,Indonesia,Cicurug,826 Hayes Terrace
963,"Ortiz, Littel and Aufderhar",Mexico,El Calvario,39 Eggendart Pass
964,Douglas-Pollich,United States,New York City,725 Old Shore Junction
965,"Schinner, Kerluke and Kilback",Philippines,Sibagat,46 Riverside Road
966,Hermiston-Larkin,China,Magong,54174 Bluestem Plaza
967,Williamson-Rippin,Honduras,San Nicolás,838 Lakeland Terrace
968,Kessler-Mosciski,China,Daxing,76995 Prentice Road
969,Ritchie-Hyatt,China,Zhanjiang,82782 Sommers Way
970,Bosco-Reichert,Russia,Pokrov,641 Hansons Drive
971,Langosh Inc,Indonesia,Sangkulirang,705 Stoughton Crossing
972,"Flatley, Mraz and Hickle",Russia,Sovetskoye,73169 Lerdahl Plaza
973,Goyette and Sons,Central African Republic,Bria,699 Westend Parkway
974,Marquardt and Sons,China,Xiasi,199 Texas Pass
975,Heidenreich-Jones,France,Marseille,9 Charing Cross Court
976,Koelpin and Sons,Philippines,Ternate,59 Novick Road
977,Shanahan-Turner,Thailand,Nakhon Phanom,8408 Transport Point
978,Schaefer-Deckow,China,Cunliji,407 Columbus Parkway
979,"Jacobson, Murazik and Morar",Russia,Novogornyy,71338 Starling Drive
980,Keebler LLC,Bosnia and Herzegovina,Bihać,449 Bartelt Court
981,Hills-Wolff,Philippines,Balangiga,18 Amoth Place
982,"Mayer, Strosin and Kuhlman",United States,Palmdale,965 Manley Parkway
983,"Boyer, Yundt and Windler",Philippines,La Libertad,37 Hintze Pass
984,"Gleichner, Fritsch and Hyatt",Ecuador,Ambato,3 Northwestern Terrace
985,Brekke-Graham,Sweden,Hägersten,8974 Delladonna Street
986,Schuster-MacGyver,Canada,Pilot Butte,25188 Artisan Trail
987,Hauck-Simonis,Thailand,Wang Sai Phun,8672 Crescent Oaks Crossing
988,"Feest, Kertzmann and Jenkins",Indonesia,Bamban,026 Manley Crossing
989,"Ruecker, Rogahn and Bode",Russia,Novokubansk,97 Lindbergh Lane
990,"Spencer, Stroman and Hermann",Finland,Viitasaari,84 Barby Drive
991,Kertzmann LLC,Portugal,Finzes,7143 Ramsey Road
992,Ryan and Sons,China,Jiangkou,18801 Westend Park
993,Feest-McKenzie,China,Chishui,16863 Stephen Lane
994,Little-Daugherty,Bosnia and Herzegovina,Stupari,224 Holy Cross Hill
995,"Davis, Brakus and Bergnaum",Russia,Goyty,19 Melody Pass
996,"Moen, Langosh and Schamberger",Czech Republic,Znojmo,881 Logan Pass
997,Wolff LLC,Uzbekistan,Kattaqo’rg’on,1 Mariners Cove Road
998,"Fisher, Kuhlman and Purdy",Ghana,Foso,554 Crownhardt Center
999,"Koelpin, O'Keefe and Nicolas",China,Chengyang,971 Kinsman Drive
1000,Leffler-Mante,Indonesia,Datarkadu,3827 Ludington Road
