id,first_name,last_name,Passport,phone,Adress
1,Jodie,Lowndes,865-18-7918,374-697-1826,7322 Service Circle
2,Kermit,Wyndham,485-70-5935,862-760-3616,31 Forest Place
3,Shauna,Aubert,238-72-3092,632-227-5848,4 Bobwhite Road
4,Poppy,Megainey,415-64-8707,625-468-0055,43742 Nova Trail
5,Adrianna,Lagen,626-33-2656,639-490-8177,765 Macpherson Parkway
6,Dacy,Baudassi,768-81-0800,206-423-6757,8608 Ridgeview Court
7,Afton,Forrestill,868-21-9964,944-910-5826,13897 Karstens Road
8,Edee,Chicco,153-19-0072,174-134-7626,0052 Haas Crossing
9,Cloris,Moncur,788-79-4049,241-723-0390,43 Valley Edge Lane
10,Krispin,Smalcombe,574-70-9579,684-624-9870,1 Pine View Junction
11,Shae,Woodington,314-05-7491,314-159-9930,2 Swallow Parkway
12,Ingeborg,Freschi,658-56-9153,322-967-7672,20084 Anderson Hill
13,Merle,Dickings,360-07-1807,565-480-9360,16 Almo Plaza
14,Melina,Scarratt,115-26-0982,748-965-6972,2 Scoville Plaza
15,Maison,Mosley,367-78-9319,724-609-7050,380 Oneill Point
16,Meridel,Curson,539-51-2008,814-727-1132,05 Arrowood Pass
17,Zena,Brinkworth,364-04-7544,678-478-4071,4626 Bartillon Park
18,Ricoriki,Orgee,192-48-3100,445-150-9827,80113 Dryden Street
19,Saba,Franies,787-49-7018,944-834-3422,489 Hallows Street
20,Adolphus,Clell,266-35-3298,761-163-3129,23 Thompson Drive
21,Johannah,Jime,108-60-7034,835-392-7381,6516 Memorial Trail
22,Zachariah,Edwins,808-69-0222,762-355-9054,740 Goodland Avenue
23,Clayborn,Bullcock,548-79-0643,968-198-7122,69810 Hovde Point
24,Lannie,Trivett,144-57-5875,177-636-6481,280 Vidon Center
25,Jane,Extall,147-68-7748,912-409-7761,4 Judy Junction
26,Meryl,Backshell,470-99-2839,651-457-5269,86 Dexter Avenue
27,Vernor,Gillam,608-46-5470,815-600-3364,2399 Manufacturers Alley
28,Algernon,Franzelini,867-25-9752,217-318-3806,44 Farragut Avenue
29,Jasun,Dannel,251-62-8119,172-141-4617,4328 Magdeline Park
30,Fin,Keggins,534-24-8814,221-975-6901,21709 Ronald Regan Drive
31,Siobhan,Haygreen,828-83-0601,164-764-0387,785 Oxford Terrace
32,Camellia,Probart,391-36-0577,140-135-8118,4132 Jenifer Point
33,Tibold,Elecum,727-17-0970,728-669-3908,900 Lillian Trail
34,Vivyanne,Perrot,614-30-6784,872-436-2516,90 Cherokee Place
35,Trista,Worral,449-38-8951,547-243-9006,54592 Lakeland Way
36,Raphael,Angrove,420-50-5519,341-723-9578,08 Killdeer Trail
37,Hatty,Rodriguez,471-07-0160,671-175-8471,10372 Jana Point
38,Lorin,Burberry,493-38-1532,671-781-7146,9218 Pearson Parkway
39,Jan,Sandercock,728-10-2575,303-959-1167,6239 Cardinal Point
40,Tierney,Billie,516-86-6491,829-947-5520,614 Texas Trail
41,Augustine,Debold,611-79-1390,566-647-2273,605 Briar Crest Point
42,Torrence,Bodker,277-08-4618,360-911-8684,76584 Spaight Place
43,Nicholas,Leppo,131-24-2199,432-740-1971,69524 Pond Court
44,Jerome,Auletta,694-80-0446,861-332-6672,07773 Shoshone Circle
45,Lisetta,Arrow,192-59-2396,500-168-7842,73 Memorial Terrace
46,Minetta,Dewes,271-01-2702,820-422-6593,466 Butternut Parkway
47,Kerr,Marris,445-11-5141,623-953-6177,80748 Derek Road
48,Kyrstin,Skill,548-08-9869,253-540-8675,0684 Lighthouse Bay Avenue
49,Latrina,Cordie,149-27-4619,426-933-0281,4723 Eagan Street
50,Phillida,Espinay,392-01-8090,341-997-9137,4 Vera Circle
51,Torey,Reoch,318-17-7624,126-556-1912,1 Lindbergh Court
52,Perkin,Waite,293-86-5311,380-958-1617,83090 Novick Plaza
53,Donny,Gitting,373-12-5748,613-263-3105,805 Service Road
54,Layton,Goffe,748-63-1317,873-175-1717,5 Hintze Pass
55,Jocko,Bell,106-85-5731,324-518-2160,303 Grayhawk Parkway
56,Cristen,Hastilow,837-66-4278,789-207-7976,8 Gale Way
57,Evan,Ridgway,600-88-4726,559-757-8971,0 Mallory Hill
58,Maddie,Saylor,445-26-4561,710-839-7806,72715 Sutherland Junction
59,Sophia,Jedrych,343-78-6460,343-892-7370,9741 Hoffman Circle
60,Stevie,Mc Elory,455-78-9849,683-967-4141,64625 Lakewood Avenue
61,Marta,McPaik,179-16-2693,205-540-5535,2171 Mesta Plaza
62,Florina,Murcutt,249-75-0295,491-790-3422,98616 Main Crossing
63,Chane,Hulson,714-83-1472,218-682-8134,11 Michigan Avenue
64,Audrye,Binner,529-04-4503,930-728-5454,53 Daystar Terrace
65,Claribel,Duell,590-23-5050,812-994-4976,0397 Lakewood Gardens Hill
66,Sig,Carnall,534-62-9819,584-149-5467,10213 Blue Bill Park Alley
67,Raffarty,Colling,118-83-0014,148-661-4080,6888 East Way
68,Burch,Graffin,816-39-3972,941-330-9977,97246 Starling Hill
69,Hogan,Godsil,863-96-9803,162-961-7132,24113 Lyons Crossing
70,Dwain,Southcott,234-27-5992,272-453-1212,36 South Point
71,Felicdad,Nitti,794-68-8190,290-134-1755,951 Warner Terrace
72,Felic,Jotham,334-26-9874,236-213-1678,79587 Sachtjen Alley
73,Cary,Braunfeld,470-14-5206,408-698-0337,5 Myrtle Pass
74,Drona,Matthews,789-63-4626,708-499-1483,1 Judy Plaza
75,Tanney,Monard,883-03-5164,205-584-2350,504 Corscot Road
76,Marcelle,Sallowaye,351-75-8074,607-620-4350,9 Daystar Place
77,Poul,Vanderplas,182-47-4031,107-513-9342,4077 Dryden Point
78,Alberto,Stratz,556-26-5917,768-429-2994,79512 Norway Maple Terrace
79,Velma,Wallbutton,580-24-2687,133-737-2380,620 Fair Oaks Crossing
80,Amii,Colbert,263-92-0604,161-159-4665,214 Schlimgen Alley
81,Desirae,Prew,639-99-4912,436-499-5080,83490 Sunfield Circle
82,Zak,Crown,773-91-7903,684-577-7266,0080 Waywood Point
83,Vale,Battabee,684-90-4867,978-616-6417,8480 Ruskin Park
84,Allissa,Speechly,339-33-6310,913-725-4822,89 Acker Drive
85,Murry,Stocker,569-85-5444,880-443-5285,45 Hoepker Plaza
86,Fayina,Gantz,577-25-4694,524-637-7935,5 Glendale Avenue
87,Arliene,Forten,706-26-4053,856-390-1168,77 Caliangt Street
88,Kitty,Hens,304-40-3877,369-846-4345,79232 Fuller Drive
89,Novelia,Vidyapin,158-28-2941,587-582-6046,2837 Coolidge Pass
90,Neal,Withrington,365-30-3355,819-422-6496,82895 Farwell Crossing
91,Georgie,De Domenici,707-14-3710,366-664-3153,9 Vera Junction
92,Lenard,Iannazzi,725-51-4917,436-962-1011,0830 Bay Lane
93,Barr,Sirkett,362-96-2094,530-268-8443,8364 Eastlawn Street
94,Cleavland,McGahy,204-78-6320,107-468-9324,00914 Continental Pass
95,Gage,Aldine,424-66-6128,952-100-2819,0315 Cordelia Pass
96,Jarvis,Gapp,708-64-3099,609-981-8494,3854 Meadow Ridge Pass
97,Melisenda,Smalles,492-78-9276,270-830-4973,2606 Kings Circle
98,Lorianna,Beatson,319-56-2111,373-895-0676,11 Continental Hill
99,Jodee,Feldmann,300-07-8955,943-105-1580,2007 Southridge Hill
100,Beulah,Shrigley,505-07-4350,814-328-2546,793 Mcbride Crossing
101,Pen,Nodin,729-98-0201,417-197-3911,8775 Londonderry Plaza
102,Shoshanna,Whettleton,112-71-9947,148-634-8117,0734 Algoma Pass
103,Lorelle,Bartaloni,852-64-2746,754-554-2893,936 Express Court
104,Chryste,Jirsa,139-26-3785,502-358-1368,44 Donald Trail
105,Morty,Edgeson,847-14-9647,241-626-9183,3715 1st Crossing
106,Winonah,Werndley,380-78-6030,227-798-1407,6 Declaration Circle
107,Tori,Papps,646-60-9140,137-942-4086,9 Mayer Point
108,Delila,Melbourn,551-03-7755,895-382-8266,049 Melrose Way
109,Carita,Jacke,264-46-5451,309-623-8720,5 Dexter Drive
110,Rudyard,Davidovici,898-44-4668,344-240-7392,35324 Esch Avenue
111,Robbie,Clever,607-88-5573,436-938-5070,79 Leroy Crossing
112,Tynan,Bonick,550-98-3356,679-335-8320,5 Fisk Center
113,Eberhard,Loveless,888-35-5508,119-370-2777,01 Luster Street
114,Roseanne,Crush,741-04-9129,149-507-0510,381 Barby Terrace
115,Scarface,Doxey,384-06-1399,120-144-6751,0950 Cardinal Avenue
116,Janeva,Wanek,216-42-5560,303-186-2780,994 Manley Circle
117,Xavier,Happer,683-45-2566,198-228-3237,650 Crest Line Trail
118,Easter,Silman,784-66-9260,758-696-8117,13 Rowland Road
119,Ianthe,Turfrey,626-06-1013,532-264-2510,4 Sachs Crossing
120,Ruperto,Cason,325-56-5915,935-460-6596,2362 Mariners Cove Street
121,Beret,Olifard,283-49-6223,462-330-5898,5 Harbort Alley
122,Rhona,Beccles,841-38-2273,978-214-7924,52 Welch Lane
123,Bernadene,Rochewell,218-92-3211,852-431-6648,18394 School Plaza
124,Waldon,Figgs,521-39-6457,855-101-1737,916 Nova Lane
125,Jarrid,Scutt,140-54-4205,603-105-4191,6523 Lakewood Gardens Hill
126,Devondra,Dowda,245-37-2239,923-618-9567,8 Forest Way
127,Charyl,Kuna,369-01-6690,888-619-9801,7 Rigney Junction
128,Jesselyn,Glencross,137-17-7601,344-588-9914,57 Maryland Lane
129,Sebastien,Tosdevin,337-21-2130,728-615-2745,00 Bluejay Trail
130,Louis,Ritch,522-24-5456,186-323-4548,09302 Haas Park
131,Mayor,Craisford,430-19-3073,614-833-9994,631 Merry Alley
132,Car,Lymer,416-21-4714,623-295-3063,36 Emmet Pass
133,Gerri,Gonzalo,215-26-5796,789-735-3105,83 Del Mar Lane
134,Benji,Edgeson,866-64-1786,821-328-0893,6492 Trailsway Circle
135,Shandra,Huckster,635-02-4914,547-772-4160,11 Sundown Hill
136,Madonna,Macauley,184-61-6183,996-204-8814,0579 Weeping Birch Court
137,Cherye,Kellington,333-53-4456,254-674-2005,63 Washington Center
138,Ker,Kleinhaus,415-90-7368,237-846-0479,6494 Vera Lane
139,Misty,Drews,233-54-9262,688-497-3335,34168 Almo Park
140,Kennie,Cowthard,519-48-6851,694-200-3294,2226 Esch Pass
141,Amory,Chanders,826-25-6993,877-774-1876,6714 Harper Lane
142,Briano,Goddard,869-90-2544,766-295-8868,4 Dunning Center
143,Padraic,Keuning,524-50-2177,257-229-6292,72 Roxbury Alley
144,Lita,Cisco,846-66-2806,562-464-9403,9860 Barby Trail
145,Fancy,Ebsworth,442-58-4231,293-923-6405,2 Schiller Park
146,Kalila,Dyton,417-21-4363,547-934-2249,5 Grayhawk Parkway
147,Abagael,Gye,844-44-3590,163-281-5263,091 Golf Course Point
148,Thatch,Wehnerr,235-36-7822,527-768-4110,130 Orin Lane
149,Tony,Stigers,139-91-9566,365-828-9446,3612 Londonderry Center
150,Ragnar,Ponton,284-51-4553,112-164-0670,2953 Johnson Center
151,Jerrylee,Colleck,353-56-8286,174-423-8037,878 Clyde Gallagher Alley
152,Ansley,Grishkov,482-92-4341,374-995-0246,76 High Crossing Trail
153,Yvette,MacNeil,836-98-9176,298-287-0406,7 International Junction
154,Jerrie,Skain,701-22-0420,134-306-0544,1220 Tennessee Park
155,Lon,Bellay,214-09-3251,108-477-8496,448 Colorado Drive
156,Carey,Taborre,198-68-8658,105-115-3254,88 Elka Drive
157,Mayer,Parramore,829-15-1102,986-445-4122,39360 Lyons Circle
158,Geri,Robertelli,654-35-9931,495-503-9019,53 American Ash Center
159,Malva,Belding,640-03-7126,733-567-5154,3 Tennyson Place
160,Nita,Bendan,239-48-3640,280-699-6859,6 Mayfield Court
161,Jeramey,McSporrin,278-91-5398,830-537-9177,0 Roxbury Lane
162,Amory,Riccardelli,312-31-9273,943-273-7259,6044 Jana Center
163,Ardene,Slane,602-87-7652,657-539-9415,60 Lotheville Way
164,Ramsey,Matitiaho,426-72-1075,162-553-2359,47 Del Sol Trail
165,Harwell,Huband,889-80-8846,792-131-7323,1 Debs Plaza
166,Frieda,von Hagt,808-76-1557,985-310-6812,726 Corben Terrace
167,Stanly,Meynell,812-77-5283,457-501-6802,66 Memorial Court
168,Burnaby,Dimitresco,606-87-6476,677-421-7338,45 Grim Circle
169,Duane,Davoren,264-64-7848,704-174-5066,74 Utah Park
170,Simonette,Bairnsfather,325-37-6513,200-300-7734,0472 Artisan Junction
171,Lexis,Sanderson,769-24-9379,301-841-1178,0 Shasta Lane
172,Eimile,Vegas,266-93-9987,724-752-6112,8 Moose Park
173,Kelli,Lauxmann,449-93-5893,907-836-8939,2 Lakeland Drive
174,Julietta,Haslum,285-65-7495,811-490-0451,25 Roxbury Crossing
175,Tedd,Hackin,871-99-8738,498-147-0346,98695 Meadow Ridge Drive
176,Megan,Dahmke,471-52-4052,828-746-0410,5 Dexter Parkway
177,Brit,Dominici,543-58-0099,180-822-7137,6 Swallow Way
178,Farris,Bourdon,891-54-2203,861-806-6480,360 Sullivan Junction
179,Alisa,Obray,216-78-9199,486-324-6549,3 Autumn Leaf Parkway
180,Bibby,Shorten,741-06-4143,620-544-8967,0 Shasta Lane
181,Debera,Besnard,454-20-0012,420-585-7953,0 Barby Avenue
182,Harley,Catterick,717-98-8474,210-766-9950,61 Kingsford Avenue
183,Inglebert,Ekins,346-48-4294,502-677-3339,8462 Bultman Plaza
184,Gracia,O'Sheils,759-41-1592,770-597-2654,72 Sutteridge Plaza
185,Cass,Basini-Gazzi,209-16-1167,537-344-0035,3 Darwin Center
186,Misti,Winckle,133-14-1729,859-316-5625,4 Mitchell Park
187,Daphna,Trengrove,226-71-8054,639-443-9669,09 Arkansas Park
188,Vaughan,Zamora,485-83-6322,435-203-3107,1508 Spohn Center
189,Wanids,Varnals,673-99-0712,278-730-5122,92 Drewry Street
190,Kalindi,Hazlehurst,106-10-3063,646-248-0157,31174 Westridge Crossing
191,Edy,Jenking,707-50-2938,979-937-7050,3 Village Green Circle
192,Krissie,Piddocke,786-12-8464,711-792-6170,34658 Eagle Crest Place
193,Ema,Vass,461-42-9042,447-726-4884,539 Cambridge Crossing
194,Lon,Quartley,116-70-5301,416-528-1396,24428 Iowa Center
195,Terra,Raith,195-24-2314,339-339-0135,806 Crowley Park
196,Elsinore,Dreini,660-42-6373,410-264-3494,54638 Lindbergh Trail
197,Nelia,Fairey,446-68-0535,889-195-3710,47775 Westerfield Trail
198,Miran,Ladson,293-31-4771,884-586-6718,4 Vidon Parkway
199,Gaston,Hazelhurst,107-80-0494,337-728-9643,05 Burrows Hill
200,Martina,Akeherst,515-23-4351,719-163-1406,980 Nova Avenue
201,Phoebe,Levey,134-55-2159,966-580-1023,59708 Manley Alley
202,Muffin,Draysay,844-94-7181,407-652-2374,83628 Lunder Road
203,Natalya,Causby,864-32-6847,735-896-1787,1 Merrick Street
204,Alfreda,Dodgshon,568-13-5250,174-199-6412,1356 Red Cloud Pass
205,Simonne,Ruddiforth,544-48-0404,149-417-5705,515 Havey Point
206,Susan,Vedenyakin,391-81-3073,838-758-2942,0 Stoughton Plaza
207,Batsheva,Hardage,824-16-4648,512-536-2521,71583 Kings Street
208,Kathryn,Fleis,410-70-1739,494-826-7048,57992 International Hill
209,Gare,Eldon,449-66-3974,419-370-0770,94691 Nevada Trail
210,Esta,Lamberts,354-07-4645,925-416-6674,0266 Stone Corner Drive
211,Eada,Bessant,211-36-8647,479-667-6408,37810 Summer Ridge Plaza
212,Kellen,Knapper,710-01-0389,681-778-4862,9010 Valley Edge Court
213,Ignatius,Wrigglesworth,862-79-6734,184-974-6008,475 Homewood Street
214,Laney,Porrett,881-99-8190,125-981-6140,20 Bluejay Avenue
215,Trixie,Kubyszek,167-25-2812,252-946-4533,0341 Emmet Way
216,Welby,Gallego,166-65-1163,669-196-2323,83412 Hanson Trail
217,Aaren,Dahmel,596-41-8184,878-338-8360,529 Moose Crossing
218,Elly,Hawtrey,645-55-4729,163-702-9991,90395 South Crossing
219,Godiva,Summerlie,286-21-2513,508-259-9020,98841 Fieldstone Hill
220,Jayne,Sarjant,193-97-4302,416-904-4620,6983 Luster Alley
221,Barny,Gaywood,791-35-1353,434-498-9127,82 Moland Center
222,Alejandrina,Balcon,341-76-3942,807-408-3018,74 Hollow Ridge Pass
223,Tildi,Owain,590-75-7067,299-943-6141,10 Hintze Pass
224,Joshuah,Fettiplace,575-79-9108,108-434-5089,47 Gulseth Road
225,Aloise,Costello,193-17-4164,951-214-9661,71283 Thackeray Parkway
226,Elsa,Thredder,701-46-1775,482-346-1804,0431 Steensland Park
227,Durward,Cheatle,545-71-1055,697-934-5566,621 Butterfield Pass
228,Elly,Roblou,244-91-2104,603-188-2491,1 Rusk Park
229,Tanner,Goley,567-69-7360,591-459-8689,5910 Weeping Birch Hill
230,Dehlia,Madre,371-89-5379,178-334-4812,522 Cordelia Road
231,Corly,Cornill,448-53-0092,686-979-3435,252 Arapahoe Street
232,Sansone,Yarmouth,683-98-7785,912-924-4670,2164 Vera Way
233,Cassondra,Gilkes,142-15-3651,609-308-9255,5 Dahle Crossing
234,Baxy,Liebrecht,165-04-5550,382-412-2841,3 Dakota Terrace
235,Delora,Bartle,416-43-0079,482-590-8675,3221 International Center
236,Gerda,Duchart,482-05-1731,922-785-6793,82 Mallard Trail
237,Kain,Chapple,440-76-7447,134-386-0995,151 Thackeray Plaza
238,Antonina,Bridewell,293-86-8003,528-380-1174,4 Saint Paul Plaza
239,Carlota,Satterthwaite,469-72-2150,957-128-0048,9475 Moland Alley
240,Doralyn,Castelli,350-77-8476,682-810-9514,0839 Reindahl Junction
241,Sonia,Stuckley,357-77-0345,858-375-4010,88 Loeprich Lane
242,Kearney,Tesoe,586-14-3448,702-350-2134,7202 Colorado Parkway
243,Nonna,Meagh,556-59-6593,168-631-9150,777 Del Sol Lane
244,Maud,Feaks,876-65-0623,386-636-4048,7980 Corben Pass
245,Judith,Ashenhurst,867-63-3149,278-301-2967,8741 Pepper Wood Court
246,Hakeem,McCotter,674-77-3128,624-682-9874,54876 Duke Hill
247,Carolan,Attwill,103-95-0182,943-167-3211,84 Crowley Pass
248,Jackson,Streatfeild,781-20-2667,910-636-2579,84356 Bunker Hill Terrace
249,Ashlie,Clutten,883-70-8229,195-581-8028,93837 Crescent Oaks Avenue
250,Yvon,Biermatowicz,704-70-9659,291-575-0424,0307 Dottie Parkway
251,Deloris,Stormes,354-68-2606,380-895-3019,7 Jay Point
252,Krystyna,Putman,748-97-1232,760-829-2419,4 Utah Crossing
253,Rubie,Josifovic,114-40-5837,327-544-8976,8557 Iowa Court
254,Moses,Ibert,629-36-3072,478-256-8937,99 Banding Hill
255,Karol,Borgne,673-29-9872,965-680-2518,5776 Sutteridge Avenue
256,Imogen,Baudone,372-55-2792,557-791-2672,59506 Springview Center
257,Scot,Pursey,780-48-6407,552-322-8519,38060 Riverside Terrace
258,Quinton,Joutapaitis,217-09-8572,662-946-4562,1833 3rd Place
259,Torie,Volante,735-64-1133,145-538-1368,9 Forster Place
260,Matthew,Constant,433-41-4316,806-865-4808,3050 Cherokee Junction
261,Krysta,Waiting,387-27-2749,415-256-4164,186 Roth Crossing
262,Myrvyn,Gehring,647-37-7740,854-241-6089,058 Macpherson Trail
263,Merle,Brader,683-42-9281,975-308-8312,95 Texas Parkway
264,Lorne,Polfer,224-98-6937,515-985-8641,02 Moose Center
265,Nikolia,Eede,249-72-5754,744-247-4717,21 Lillian Avenue
266,Iggie,Zarfai,530-05-0531,615-580-4660,2 Kings Street
267,Winona,Brettoner,255-83-6731,733-910-6414,1 Troy Place
268,Anna-diane,Theseira,893-26-9372,305-319-8144,4 Cody Parkway
269,Halette,Hayle,726-42-8411,933-245-1867,6900 Bowman Junction
270,Lin,Bacher,473-04-1542,705-140-6038,6 Linden Place
271,Josephina,Crossdale,301-69-5714,428-660-7532,33939 Granby Center
272,Sarette,McKendo,599-31-1273,431-321-8470,87 Holy Cross Court
273,Duncan,Lawton,633-26-9144,334-549-5503,931 Harper Center
274,Becki,Bury,533-52-2033,952-838-8832,49 Corscot Point
275,Christean,Pibsworth,202-63-1091,207-233-2052,7 Victoria Alley
276,Roby,Stockin,797-03-7003,856-103-9234,2366 Crest Line Park
277,Myca,Mc Kellen,175-82-8358,680-422-2948,65003 Parkside Park
278,Earl,Alten,527-69-8273,112-372-7553,6165 Morningstar Road
279,Kip,Rubinchik,779-94-6100,488-646-8394,87 Di Loreto Point
280,Lauretta,Barense,787-14-9726,862-752-2533,61280 7th Street
281,Venus,Zottoli,510-59-2006,882-760-7006,008 Loftsgordon Plaza
282,Nessi,Slowgrove,628-24-9935,715-377-4832,5036 Dovetail Trail
283,Doralynn,Witt,385-95-3951,284-982-9322,97 Corry Lane
284,Brook,Grevile,528-40-5680,672-528-0011,79 Autumn Leaf Hill
285,Aldon,Mellish,125-60-6043,422-301-2200,34 Hagan Parkway
286,Guillema,Melwall,398-82-2011,127-209-2247,08 Shoshone Point
287,Ranna,Bilbrooke,808-24-0625,398-925-5833,21659 Dahle Trail
288,Osgood,Fryatt,818-54-0485,780-361-5031,8410 Carioca Circle
289,Ketti,Labdon,153-49-2642,713-525-8380,8 Forest Pass
290,Lonnard,Milam,428-37-4041,810-536-7029,01081 Express Lane
291,Gavin,Aspy,165-43-1617,791-446-5740,18 Talmadge Place
292,Norrie,Casely,877-90-7423,568-993-0495,78 Melvin Way
293,Trey,Gervaise,833-12-1240,237-371-0032,1079 Veith Plaza
294,Kirby,Perl,788-92-4753,373-810-7849,8 Fieldstone Way
295,Hermann,DelaField,323-65-6835,270-575-5423,49659 Luster Circle
296,Corney,Fibbitts,273-15-5042,655-221-4481,8 5th Road
297,Zechariah,Heimann,803-82-5041,869-556-9468,7893 Arkansas Way
298,Sherwin,Madeley,275-61-0519,590-219-2858,640 Dakota Plaza
299,Dasie,L'Homme,302-17-1956,571-167-1620,178 Westend Park
300,Tris,Di Iorio,329-05-9584,639-545-7400,7644 Center Street
301,Patrizio,Konzel,341-50-3311,744-396-8858,10695 Fallview Crossing
302,Dora,Summerbell,308-70-0213,636-200-6371,7219 Menomonie Terrace
303,Monroe,Gutherson,418-79-3634,333-161-9249,3 Sycamore Hill
304,Way,Jeannin,105-17-9158,662-799-1511,1 Montana Circle
305,Ham,Spearing,594-31-0369,818-728-7039,559 Tennessee Parkway
306,Jory,Merriment,308-53-5837,641-363-0765,98 Macpherson Avenue
307,Ursulina,MacDearmid,484-74-9069,983-320-0408,93 Larry Court
308,Michal,Forge,774-90-5616,190-607-7963,94 Hallows Center
309,Glyn,McKenney,380-15-0123,261-877-5428,7 Anderson Court
310,Jacquenetta,Arnholz,360-72-0010,760-403-7822,2 Rigney Point
311,Mommy,Foye,426-47-7813,828-878-0659,16 Blackbird Road
312,Marcella,Caldero,456-03-1913,948-483-2036,56 Porter Court
313,Ashien,Brunsdon,825-75-6259,758-471-4714,1 Arapahoe Pass
314,Shadow,Handrock,247-22-0880,603-800-3331,0682 Vermont Plaza
315,Jacques,Moss,745-75-9372,815-920-9980,371 Leroy Park
316,Gerianne,Guillem,214-07-5312,962-558-6820,6156 Bellgrove Way
317,Kary,English,261-01-8438,130-100-1747,9 Stang Street
318,Horatius,Gatteridge,894-01-0038,793-224-9936,51 Jenna Terrace
319,Katy,Aggett,533-95-2952,986-474-2522,13627 Mariners Cove Pass
320,Britney,Ambrosetti,691-25-7190,938-928-0039,63 Porter Hill
321,Jocelyn,Barcroft,359-69-2245,894-225-6025,7 Lotheville Alley
322,Willy,Franzotto,573-51-1434,554-781-4332,579 Towne Street
323,Brenda,Aspin,751-82-0423,570-534-5769,8540 Village Way
324,Peri,Duffin,380-93-1791,672-264-2419,57330 Melrose Drive
325,Ricoriki,Hassett,199-54-6310,944-701-6044,3415 Talmadge Way
326,Holly,Crathorne,715-07-8456,930-253-9823,092 Buena Vista Plaza
327,Kathrine,Pavlitschek,636-58-0744,298-185-5826,99639 Delaware Circle
328,Ruben,Nower,648-59-1742,871-896-8050,21232 Mayer Parkway
329,Elyssa,Galliard,256-53-7498,570-948-2291,25 Norway Maple Place
330,Thurston,Gladhill,334-97-1846,365-647-6026,7 Golf Course Terrace
331,Margo,Boake,185-05-9824,991-997-1323,57613 Dakota Road
332,Lolita,Arnowicz,632-83-1818,171-675-1238,0 Kim Plaza
333,Murdoch,Mullany,156-68-4859,819-141-5091,8 Corry Drive
334,Alwin,Newlyn,179-82-7745,451-363-8858,4 Golf Course Lane
335,Iago,Ralton,610-09-4077,927-745-8887,1656 Blaine Parkway
336,Alexandrina,Kasper,183-14-8982,855-664-5990,4203 Randy Center
337,Skippie,Scholtz,446-18-8704,547-459-7035,7 Toban Lane
338,Mathew,Robelow,840-45-1368,102-742-9760,1 Elmside Crossing
339,Valera,Spinello,582-84-7654,209-588-1402,39022 Lakeland Hill
340,Vasili,Barrott,883-85-2263,935-433-7754,5996 Muir Alley
341,Wilden,Newham,635-90-7517,816-153-6885,695 Ludington Junction
342,Aeriel,Jessep,492-93-7933,935-373-7749,1703 Randy Drive
343,Wat,Chitham,394-23-0778,257-246-6264,7829 Morning Plaza
344,Hal,Skim,856-23-2017,569-697-6317,2815 Dottie Street
345,Maridel,Spadaro,868-68-1818,387-651-8299,052 Butterfield Lane
346,Aleda,Wymer,497-55-4325,737-106-7826,7770 Londonderry Road
347,Caren,Scourfield,460-48-4990,882-476-5544,8065 Petterle Drive
348,Graeme,Handrock,303-88-4328,824-724-2296,74594 Arapahoe Hill
349,Inesita,Celloni,104-42-5365,367-666-7029,6845 Reinke Court
350,Marvin,Bell,499-32-7306,937-271-8290,78976 Forest Run Street
351,Julie,Galiford,573-28-6719,863-133-9464,78049 Washington Way
352,Arlee,Janatka,670-79-5806,617-668-3809,686 Main Court
353,Ichabod,Arnaudot,246-28-9449,732-133-3232,03 4th Parkway
354,Phedra,Humberstone,397-49-6842,490-965-4448,902 Pine View Place
355,Colver,Draysey,803-60-0043,192-448-1535,3 Waywood Road
356,Hammad,Realy,361-75-0546,111-306-1658,0 Evergreen Plaza
357,Ofelia,Crimmins,275-49-1004,718-959-1649,190 Mayfield Drive
358,Egon,Murra,381-26-9568,319-839-0046,0 Bashford Trail
359,Barbabas,Penniell,697-34-7941,250-826-4027,614 Fulton Trail
360,Poul,Cunah,323-95-7896,907-520-2482,5192 Clove Center
361,Phylys,McKeran,217-04-3308,585-499-2501,2 Rutledge Pass
362,Sarine,Yve,649-55-5211,506-224-6388,533 Brentwood Lane
363,Baird,Kingsworth,187-39-9697,271-604-1123,308 Cambridge Crossing
364,Olivero,Godmar,856-70-0402,538-553-1785,71 Reindahl Point
365,Jessamyn,Rheaume,782-09-7920,563-912-1089,4400 Delladonna Center
366,Daria,Kamen,385-33-0433,963-412-1466,73 Oak Valley Alley
367,Ambrosius,Bendon,157-61-8336,668-123-1638,06541 Oak Plaza
368,Stacey,Wabey,218-54-8396,559-403-6161,37 Northridge Road
369,Charmine,Herety,106-24-5572,525-393-9140,341 Mifflin Park
370,Brandy,Astles,463-43-1934,930-190-1501,3 Canary Avenue
371,Zaneta,Meneely,892-37-3015,414-343-8680,30 Parkside Point
372,Wilburt,Alexandrescu,508-39-5243,829-461-0262,63 Briar Crest Circle
373,Charmaine,Theriot,578-33-7220,743-370-3201,93 Victoria Street
374,Godfree,Grinham,435-19-7232,965-581-9509,27 Summer Ridge Park
375,Ingamar,Erdes,414-16-3479,230-244-4053,6 Bayside Plaza
376,Rozella,McAtamney,596-34-5294,534-659-6820,906 Linden Park
377,Riki,Troake,607-32-0238,625-203-1288,32 Warbler Drive
378,Lynelle,De Angelo,193-62-5496,530-445-0327,8 Gerald Parkway
379,Gisela,Duchenne,432-57-7060,178-321-2252,4223 Harper Center
380,Deeyn,Dillinger,604-02-3453,833-779-9100,8 Muir Alley
381,Hersh,Moreing,451-53-5397,312-875-9240,40 Summit Crossing
382,Rudolf,Balharry,584-23-2868,354-675-4932,418 Karstens Crossing
383,Stefan,Denington,705-76-9557,826-668-5276,59 Del Mar Trail
384,Gwenni,Sandell,606-59-3675,932-662-9356,78 Sherman Hill
385,Karlik,Champken,831-65-8216,533-543-8783,1463 Bultman Court
386,Sabra,De Ferraris,314-32-5805,629-354-2597,4 Sloan Court
387,Phelia,Jeffray,876-50-1207,842-453-3971,3 Warrior Road
388,Paulo,Scotchmor,490-53-0644,663-574-4676,7561 Manley Parkway
389,Nollie,Baldery,131-30-2524,202-154-2010,7153 Vermont Court
390,Tilly,Briar,495-33-4554,572-823-4592,8581 Paget Court
391,Staford,Creagh,710-43-4713,250-350-8340,4 Golden Leaf Parkway
392,Ursola,Struan,734-72-4812,766-625-7018,4333 Fallview Hill
393,Killie,Willstrop,214-72-2633,390-390-5806,31696 Artisan Street
394,Niven,Tutt,656-93-1703,900-814-9888,44541 Hovde Circle
395,Weylin,Barnby,261-87-5491,314-367-5083,3845 Weeping Birch Parkway
396,Tobiah,Downgate,560-64-5811,770-228-7032,0 Gina Terrace
397,Latisha,Haseman,548-15-9991,697-629-1051,0 Lindbergh Drive
398,Jobie,Josebury,587-03-1982,606-447-9753,13 American Plaza
399,Cobbie,Fifoot,246-37-9231,521-843-7824,89155 Lillian Lane
400,Irene,Clackers,511-20-2211,145-241-2990,11889 Susan Trail
401,Olympie,Birkwood,655-65-4179,378-294-0065,393 Manitowish Trail
402,Lothaire,Warbey,852-23-6975,136-851-0900,026 North Parkway
403,Rinaldo,Goodliff,301-33-3644,158-598-3519,79828 Redwing Hill
404,Alysia,Arundell,822-02-3340,677-112-4386,5013 Hayes Avenue
405,Wandis,Gazey,747-43-7147,174-502-1405,9 Annamark Trail
406,Pablo,Pitkeathly,546-55-6661,989-312-9154,0 Macpherson Plaza
407,Adrienne,Crowcombe,647-40-2724,482-229-1970,394 Carpenter Place
408,Daryle,Brassington,801-32-5995,961-991-6567,18251 Lotheville Junction
409,Anne-marie,Ruggs,850-75-8009,257-935-6987,57477 Ridgeway Pass
410,Karol,Ennals,873-81-3646,956-538-8537,6 Corscot Crossing
411,Broddy,Bugbee,542-14-8460,546-294-6329,01 Claremont Trail
412,Pamela,Dolton,742-56-3605,398-269-7007,5088 5th Plaza
413,Kristofor,Chilcott,208-56-8064,148-592-9163,8884 Dennis Pass
414,Xylia,Corbally,690-22-0288,880-753-5907,46 Elmside Terrace
415,Stanislas,Duplock,267-57-8964,552-629-5897,3 Tony Way
416,Marianne,Ruslen,357-38-4327,454-684-2636,0 1st Drive
417,Eimile,Boyfield,418-40-0604,137-896-8146,9095 Meadow Ridge Circle
418,Katha,Rabley,277-99-3230,812-321-9408,8 Forster Avenue
419,Ashia,Coltart,416-65-6069,883-213-6535,8047 Lawn Circle
420,Base,Bartelet,492-34-1771,534-716-4333,9983 Ruskin Way
421,Davita,Woodwing,466-28-8579,482-200-8237,9868 Heath Way
422,Magnum,Ateggart,426-52-3605,271-961-3171,916 Sauthoff Hill
423,Donica,Mapledorum,336-27-1200,131-179-1791,9007 Merry Road
424,Nye,Doul,541-87-7466,831-886-1685,53 Northwestern Court
425,Denna,Child,713-88-8723,286-921-4363,6697 Corscot Crossing
426,Padget,Rickersey,460-65-6496,903-136-6487,687 Rockefeller Terrace
427,Doloritas,Humby,475-56-4031,821-259-2420,32535 Fallview Alley
428,Karlyn,Loges,158-39-1334,526-764-0824,55 Donald Drive
429,Cristin,Studholme,237-49-4123,419-653-3470,86 Birchwood Pass
430,Gleda,Chubb,882-17-0785,495-207-0714,228 Gina Alley
431,Jason,Eddins,404-13-4703,236-940-9804,2 Badeau Alley
432,Leroi,Tellenbrok,145-89-3330,110-734-2313,9 Dexter Street
433,Emmalyn,Jeskins,876-26-6376,855-787-5384,0851 Hintze Terrace
434,Xenos,Tallant,209-89-1455,327-183-8666,15 Kings Road
435,Bradley,Menel,145-39-7016,130-351-1089,731 Colorado Center
436,Priscilla,Solloway,141-47-3655,630-396-5040,1611 Messerschmidt Parkway
437,Ninnette,Gornall,756-42-8940,158-451-1904,0 Mcbride Avenue
438,Chet,Meineck,506-50-5017,409-695-8415,92801 Butterfield Park
439,Ayn,Fluger,640-43-8607,127-860-3878,44 Prairieview Trail
440,Camila,Swaffield,432-42-9208,217-233-2281,3256 Merry Road
441,Patti,Colston,524-36-1616,529-816-7949,6 Westridge Place
442,Maggy,McAulay,145-32-8223,672-442-5564,9074 Eagan Way
443,Park,Abrahamoff,381-11-1639,859-671-2029,105 Oneill Plaza
444,Beale,Kitteringham,544-42-0707,966-589-3346,41 Burrows Terrace
445,Deni,Walkington,857-77-8798,745-401-3569,498 Talisman Terrace
446,Kelley,Baudain,793-34-3937,268-855-2835,50349 Schurz Crossing
447,Vinnie,Gilbanks,322-23-6917,569-635-0691,7662 Milwaukee Avenue
448,Skippie,Stanlick,632-78-5128,645-842-7347,794 Manitowish Court
449,Barney,Eyre,394-03-6173,982-453-0360,02 Utah Street
450,Rolfe,Nuzzetti,248-91-9724,586-425-4130,7 Oak Point
451,Kilian,Tomblin,310-63-3593,606-577-5267,17 Sachs Way
452,Stuart,Caldera,126-96-4763,351-972-3969,74038 Stone Corner Point
453,Yancy,Feldbrin,470-13-2750,342-574-9735,54 Walton Park
454,Wilma,Wagge,378-12-0846,205-357-3874,3 Corben Lane
455,Ber,Drane,590-06-0428,645-615-1752,8 Lotheville Trail
456,Tracie,Pietrowicz,241-06-6023,744-686-3941,20 Mallory Street
457,Georgie,Kybbye,526-57-3707,615-629-0943,53594 Kropf Way
458,Coleman,Litel,171-94-2574,681-543-5894,116 Birchwood Parkway
459,Valerye,Gosford,840-19-1143,868-606-9331,26722 Lerdahl Parkway
460,Obie,Huntingford,467-35-8560,815-247-3389,66 Dovetail Way
461,Jim,Dell 'Orto,261-42-6160,198-358-3458,4 Towne Circle
462,Celia,Grono,272-16-4653,641-522-2508,4 Golden Leaf Avenue
463,Maddie,Quilligan,192-54-7734,529-896-9253,93 Walton Center
464,Brigg,MacNockater,375-02-1178,522-551-4382,12 Buell Hill
465,Bathsheba,Boxell,574-56-3549,382-872-7001,6 Buhler Plaza
466,Agata,Gainseford,789-19-0366,788-513-7156,00516 Northfield Junction
467,Launce,Moncrefe,156-99-1673,979-189-1166,9 Washington Circle
468,Jerri,McAdam,111-14-2451,942-734-3113,1864 Scoville Parkway
469,Doug,Kimberley,732-93-6564,415-836-0493,4858 Boyd Terrace
470,Josefina,Klimkin,699-68-0579,242-505-0172,23 Swallow Park
471,Bette,Bawme,502-46-7914,589-548-3189,40111 Stoughton Drive
472,Carrol,Meriel,854-20-1575,307-500-1273,334 Utah Street
473,Johna,Ivanusyev,880-81-2310,378-867-8577,0643 Ilene Alley
474,Belita,Ovesen,466-74-5850,931-590-1455,0509 Katie Junction
475,Antoinette,Malser,777-21-4988,893-988-7163,07 Milwaukee Drive
476,Codi,Arsey,497-03-4692,848-381-1942,2305 Calypso Circle
477,Deny,Hellyar,663-98-2836,386-426-6104,4281 Lyons Point
478,Chrissie,Mapplethorpe,345-62-8705,670-591-0179,8256 Nancy Way
479,Lawton,Stanbury,870-61-1494,126-426-9881,3 Prentice Trail
480,Jeralee,Bartoszinski,436-80-4456,816-483-0276,1358 Petterle Alley
481,Alexa,Gulston,327-84-7003,705-875-8941,24800 Ridgeview Trail
482,Fields,Gopsall,233-81-7521,611-266-1602,538 Summerview Park
483,Fawne,Thaim,787-92-6843,294-607-0856,539 Petterle Place
484,Sarah,Straffon,291-76-9451,515-406-3469,249 Thackeray Center
485,Cherish,Albers,741-01-3701,752-559-9283,30 Dottie Parkway
486,Sigrid,Bernardotte,708-76-6242,345-751-1696,9625 Maple Wood Way
487,Marylou,De Caroli,862-59-0886,887-386-4916,566 Emmet Drive
488,Reinold,Coggins,541-52-9182,905-596-3164,186 Riverside Avenue
489,Ximenez,Larrett,233-71-8559,367-567-0436,68926 Brentwood Crossing
490,Zahara,Towner,331-84-5716,739-956-1156,92 Dryden Street
491,Selene,Marcu,308-99-7302,849-807-1789,94376 Hagan Terrace
492,Beau,Ryman,583-92-2047,665-136-3308,9289 Pine View Hill
493,Laina,Dugmore,271-85-3224,756-516-2807,32600 Kim Lane
494,Simonne,Coultous,465-53-3478,135-393-1974,77 Jana Pass
495,Ansell,Anderson,515-67-5503,742-454-6777,231 Huxley Parkway
496,Kristel,Knok,352-01-8251,273-945-2447,70800 Eagan Place
497,Edgar,Norcross,105-08-8198,449-695-0135,14356 Gulseth Point
498,Spence,Sarge,155-89-3031,398-566-4542,4765 Straubel Court
499,Mariette,Werrett,754-47-9427,132-413-5606,6598 Westerfield Lane
500,Eada,Dillinton,640-69-0646,641-438-8581,05 Merrick Avenue
501,Madeleine,Bodega,676-60-4553,595-844-4110,17 Kensington Parkway
502,Pauli,Abdie,442-36-2308,121-963-2094,94 Mifflin Street
503,Dov,Giacopetti,839-80-5689,406-583-7406,766 Golf Course Place
504,Pippo,Elphick,710-01-5896,414-168-8564,1 Rutledge Street
505,Suzie,McMonies,624-43-7223,450-971-0796,5924 Northland Trail
506,Estelle,Wilshin,213-46-4335,510-947-7782,35404 Sunfield Point
507,Cass,Ashurst,311-13-5112,983-703-3607,6 Beilfuss Pass
508,Raymond,Kingsley,753-28-1538,966-168-9169,3709 Fallview Pass
509,Mari,Broyd,264-19-2044,997-129-5713,6 Warbler Center
510,Brittaney,Schober,294-80-4366,309-935-6318,3 Porter Point
511,Kerby,Sancraft,494-32-8056,700-881-5259,47 Monterey Trail
512,Man,Pierpoint,487-85-0084,261-247-8088,2474 Riverside Park
513,Alexio,Itzcak,519-98-0126,679-944-3787,29322 Fisk Center
514,Carlie,Lasselle,640-26-4983,558-915-9548,77526 Forest Run Street
515,Germana,Cecil,686-61-7967,253-571-8200,4187 Schmedeman Alley
516,Bella,Ansty,565-40-4394,780-325-7461,07015 Starling Street
517,Erika,Dorn,617-26-9562,563-196-4318,8 Mendota Alley
518,Nobie,Zanneli,107-03-3345,702-974-4426,13 Butternut Circle
519,Leonanie,Lingner,172-21-9413,187-463-9036,669 Hooker Lane
520,Raf,Iffe,742-05-4056,884-904-5844,65898 Acker Street
521,Bev,Croshaw,880-40-8220,892-722-8945,4 Huxley Point
522,Estrellita,Breslauer,771-47-5253,142-830-3742,27648 Maple Wood Parkway
523,Rubia,Leyninye,345-31-4056,586-672-4114,77611 Lillian Parkway
524,Monti,Troake,490-26-1686,336-785-5289,616 Elka Circle
525,Ardith,Harper,317-26-3778,528-123-5873,73 Schlimgen Alley
526,Gilli,Dober,480-20-6170,727-227-4309,7219 Westend Street
527,Jaquith,Woodham,852-69-7290,197-353-4282,6 Buena Vista Terrace
528,Ev,Iston,657-17-2038,769-446-9410,95075 Burrows Terrace
529,Elna,Bubear,377-40-1252,981-367-9918,8535 Farragut Court
530,Lurleen,Girardeau,564-01-9254,503-147-6222,418 1st Parkway
531,Morgen,Snufflebottom,453-64-9168,383-233-6658,5689 8th Plaza
532,Thia,Margery,697-80-7476,555-749-9135,87851 High Crossing Park
533,Anderson,Dearing,415-80-6533,694-323-3247,09276 Colorado Court
534,Chrisy,Savoury,829-13-7605,831-795-9866,106 Fair Oaks Drive
535,Beale,Lilley,895-95-4446,735-501-6207,7968 Corry Crossing
536,Evangelina,Llop,584-39-7633,694-179-8401,4069 Huxley Place
537,Helen-elizabeth,Seaborn,538-35-0757,141-587-5660,1 Mifflin Park
538,Iago,Garaghan,456-70-9265,608-221-5629,646 Buena Vista Avenue
539,Jay,Gault,843-77-8505,125-705-2021,1 Rowland Circle
540,Sarine,Philipeau,671-74-6056,144-630-5429,919 Atwood Pass
541,Nicolais,Stennard,506-53-1629,981-683-1068,9 Victoria Terrace
542,Jeanne,Kuhlmey,884-92-1673,589-588-0843,0 Harbort Way
543,Thomasine,Dallicott,211-07-6128,608-919-5879,0467 Portage Road
544,Deck,Helleker,849-13-0945,921-859-6201,0305 Dapin Alley
545,Phyllida,Sockell,513-61-4826,925-581-3917,55381 Grim Drive
546,Karin,Wilkison,108-19-8138,693-232-3670,6105 Delladonna Avenue
547,Georgette,McLane,651-37-9041,975-876-5249,54719 Pepper Wood Drive
548,Jobie,Northrop,225-64-3566,681-653-8766,67 Longview Point
549,Gaby,Benedit,384-55-6787,700-863-3471,2363 Cordelia Circle
550,Rudolf,Demchen,359-12-2682,728-159-7412,59 Sugar Trail
551,Bernelle,McPhillips,301-50-4607,657-969-7212,57 Clove Pass
552,Alicia,Dudson,224-18-7839,442-489-5233,7 Sage Junction
553,Charley,Bunning,244-85-5792,236-817-9920,1 Katie Hill
554,Artair,Andreuzzi,652-67-3588,847-506-0903,67495 Texas Trail
555,Grayce,Hysom,353-93-6784,362-425-3739,24 North Park
556,Prissie,Litt,172-72-3791,657-120-5804,749 Oak Valley Point
557,Urbain,Polini,768-04-4963,329-550-7855,57241 Coleman Junction
558,Heida,Scarrott,748-29-4456,506-563-7121,81 3rd Point
559,Gualterio,Nutten,763-71-1756,772-394-0442,765 Bellgrove Place
560,Manuel,Statefield,687-25-6820,935-481-2934,75997 Maywood Terrace
561,Giraldo,Jollie,472-16-8980,964-231-1655,24 Fairfield Court
562,Conchita,Hunn,331-09-6028,331-193-5631,42912 Southridge Street
563,Karoly,Pinwell,454-80-9858,229-363-7912,5 Oxford Crossing
564,Allx,Brandi,531-33-8808,625-842-7890,18948 Westport Hill
565,Neala,Buterton,573-73-0739,801-756-2733,053 Melby Pass
566,Adriana,Gotcliffe,570-41-1244,642-800-3827,675 Hagan Drive
567,Marice,Mynott,824-37-2014,282-507-5764,83087 Onsgard Center
568,Carine,Fratczak,853-10-3619,805-202-6684,5 Spaight Junction
569,Yehudit,Forte,156-96-4896,773-850-6428,8905 Schiller Hill
570,Sophie,Rourke,455-32-7797,935-990-3123,55 Basil Avenue
571,Daveta,Boots,286-53-3468,226-462-0924,499 Bunker Hill Parkway
572,Jamal,Ivasyushkin,293-53-2429,969-902-9962,45 Stuart Street
573,Sim,Docharty,863-67-3805,953-202-4625,10599 Golf Pass
574,Sam,Morehall,179-37-7765,738-445-4701,0875 Cordelia Circle
575,Hal,Gerge,316-04-0163,974-661-8928,99 Glendale Pass
576,Sigismundo,Imlaw,497-04-1154,631-686-7065,9917 Sachs Lane
577,Terese,Radbourne,549-75-2129,391-186-3845,20027 Elgar Trail
578,Umberto,Ashford,533-76-6769,971-990-3620,232 Independence Alley
579,Enriqueta,Ghidotti,644-40-2884,435-387-6106,48 Green Ridge Point
580,Thornie,Castelli,162-91-7951,112-586-7583,08763 Northridge Center
581,Jan,Sherrington,583-59-7924,817-301-7316,57171 Corry Drive
582,Hermy,Riguard,581-94-0652,768-913-8255,94 South Way
583,Donny,McPhater,740-55-5902,802-821-6361,6113 Corry Center
584,Alain,Claessens,259-76-3011,290-540-5874,34 Hayes Way
585,Adriana,Moules,197-01-7067,346-286-7973,6486 Hazelcrest Pass
586,Doti,Boyne,390-42-9441,731-943-8149,4512 Judy Trail
587,Marian,Khidr,320-91-6510,386-719-8681,8 Memorial Street
588,Bunny,Cartmill,517-31-7087,440-215-1869,4106 Laurel Alley
589,Carlita,Cathersides,418-46-3794,441-711-5396,70122 Briar Crest Plaza
590,Burton,McJarrow,642-80-2005,511-157-9694,0 Riverside Junction
591,Hazlett,Wressell,682-18-7739,217-897-7361,213 Fallview Place
592,Horatius,Oda,599-59-3822,911-282-4007,5 Fair Oaks Park
593,Nancey,Navarro,622-85-6978,290-890-5938,15189 Becker Plaza
594,Mathew,Adamski,834-75-9357,950-513-8002,88 Heath Circle
595,Waiter,Simmons,210-65-2936,529-275-5780,5522 Daystar Court
596,Luciana,Turner,741-52-7873,696-646-4096,21051 Algoma Avenue
597,Diann,Haker,787-08-7406,882-506-1824,0239 Montana Hill
598,Leela,Wein,873-79-9095,216-506-8609,7282 Manufacturers Court
599,Aubrie,Dunabie,334-27-0190,248-508-8696,501 Grayhawk Hill
600,Leonelle,Morshead,361-37-8807,611-551-6842,171 Dwight Terrace
601,Cathrin,Ricard,184-72-9858,701-190-2896,9 Carberry Point
602,Beilul,Sneller,277-91-2416,152-137-4273,9 Transport Trail
603,Jobie,McTurley,276-57-7282,363-413-3713,1 Dayton Drive
604,Louella,Stempe,887-72-1076,804-718-3933,8945 Sycamore Road
605,Quintina,Ferraraccio,108-89-7963,539-402-4205,1095 Mallory Center
606,Shermy,Broadhead,538-49-7525,574-140-8858,939 Tennessee Way
607,Romeo,Sapshed,635-34-0275,835-752-1948,30424 Havey Road
608,Kinny,Hupe,874-50-3278,227-905-5261,93 Pearson Alley
609,Kathye,Warman,632-19-8535,106-803-1136,763 Rieder Park
610,Vikki,Kestell,246-02-8661,963-336-5892,3524 Bluejay Center
611,Normand,Santorini,556-93-2737,235-436-1337,7 Bowman Road
612,Gavan,Thickpenny,587-11-4942,533-401-2440,96 Oakridge Place
613,Harriott,Derges,266-32-5620,168-371-4441,7 Starling Lane
614,Lillis,Ortelt,393-92-8048,845-123-5060,87940 Dayton Park
615,Berky,Hakking,606-03-9094,275-485-0647,189 Sauthoff Terrace
616,Tiena,Gilhool,530-06-1443,255-254-7640,3 Onsgard Court
617,Talya,McElory,625-21-5939,199-741-8673,600 Mifflin Hill
618,Dimitry,Duesbury,201-99-5441,408-276-3557,4298 Sachs Terrace
619,Corissa,Lecointe,742-53-6674,311-280-3679,5 Nancy Way
620,Tess,MacHostie,828-13-2193,253-219-7039,29122 Leroy Hill
621,Pate,Yeudall,283-93-5240,153-471-6449,9 Porter Alley
622,Waverley,Nangle,894-36-7247,395-355-1241,0153 Hallows Alley
623,Deidre,Mockford,489-15-9539,806-599-6365,5 Haas Crossing
624,Avis,Sketchley,599-43-0481,811-917-9527,5 Kipling Trail
625,Cherie,Kynastone,182-18-8982,979-609-7431,73202 Crowley Center
626,Jereme,Jansey,895-90-4094,353-621-3112,6 Dayton Crossing
627,Levon,Donwell,427-46-7063,315-311-6839,6438 Almo Drive
628,Mattie,Sponder,227-51-7145,657-767-5175,2 Autumn Leaf Road
629,Rosanne,Olifaunt,784-30-0956,663-204-9948,00256 Corscot Court
630,Jodee,Delany,221-69-2032,901-904-7971,01 Portage Terrace
631,Lenci,Matyasik,203-53-1224,324-697-1196,57 Monterey Lane
632,Dukie,Marfell,344-15-8541,177-473-6324,62 Transport Parkway
633,Tamqrah,Dibble,106-31-2625,926-657-1936,958 Arkansas Place
634,Amos,Wenham,719-71-4207,409-370-8990,5726 Welch Pass
635,Rori,Dufaire,508-74-1876,800-353-1601,2 Tony Junction
636,Ginni,Sheather,580-20-3876,606-625-1719,248 Lindbergh Drive
637,Mic,Saffe,401-21-8098,145-760-4630,4 Anzinger Crossing
638,Gaylor,Dennitts,262-27-7507,379-315-6696,472 Montana Point
639,Lotty,Carillo,811-70-5845,789-846-0009,96134 Butternut Lane
640,Marice,Scarf,510-65-2485,183-440-0408,0 Dapin Drive
641,Cordell,Purry,730-66-6358,405-785-5082,8 Darwin Crossing
642,Mitch,Camings,288-05-5707,904-787-1879,73361 Reinke Circle
643,Rozalie,Nerne,113-79-6418,482-968-1343,602 8th Circle
644,Yulma,Joseland,306-19-8935,746-332-3721,15283 Sage Street
645,Quintin,Fontelles,292-42-8204,938-772-2207,25771 Messerschmidt Crossing
646,Bren,Prantoni,264-46-2070,274-304-8517,63 Bellgrove Circle
647,Gwendolyn,Micklem,307-38-2551,577-464-0293,601 Bashford Terrace
648,Foster,Farquarson,561-64-4406,932-749-1277,1 Fordem Plaza
649,Abram,Blaxeland,722-94-7719,972-884-5347,297 Monica Plaza
650,Mickey,McLachlan,769-59-7763,196-318-7849,6 Corry Parkway
651,Denise,Gocher,326-46-4370,891-701-8028,72 Bunker Hill Parkway
652,Hendrik,Tilsley,236-19-7077,920-300-6436,3631 Valley Edge Way
653,Stephan,Bicker,888-28-3276,824-686-3381,0164 Butternut Court
654,Glynis,Rimour,360-03-3388,402-255-3583,58 2nd Trail
655,Levon,Vanstone,871-44-5972,406-647-9874,14 Pepper Wood Trail
656,Tobye,Hourihan,862-84-4568,901-556-6400,7 Stang Park
657,Tuck,Polgreen,893-51-9396,749-365-7043,7712 Westridge Place
658,Artemas,Dullaghan,871-44-1676,959-139-7590,5 Eagan Junction
659,Edin,Pillington,882-28-4350,690-884-5388,435 Thompson Hill
660,Lurette,Beasant,693-79-2600,607-671-0157,4276 Helena Pass
661,Miller,Eburne,532-17-3685,372-543-4632,93 Comanche Drive
662,Huntlee,Laval,773-89-6969,248-191-4084,68 Graedel Hill
663,Quent,O'Donnelly,279-47-7240,317-569-2423,25273 Marcy Parkway
664,Betta,Langlois,421-43-8937,474-365-9819,340 Mayer Pass
665,Suzy,Pauly,420-38-7791,888-643-0659,25228 Meadow Vale Pass
666,Abie,Skillington,490-44-2000,814-447-2168,9 Northwestern Crossing
667,Ricki,Sneezem,433-04-9849,894-223-6898,40186 Declaration Way
668,Cherida,Poyner,467-32-8284,684-160-6856,51259 Barnett Lane
669,Layney,Barrie,857-81-8848,270-656-2498,81457 Graceland Park
670,Tiff,Manners,123-10-6012,589-459-8475,92 Farmco Road
671,Moises,Greedier,556-14-6294,447-890-5915,7945 Hanover Pass
672,Kristofer,Chambers,285-02-7036,818-689-0320,536 Evergreen Junction
673,Reilly,Lebarree,868-28-5098,301-327-5631,0283 Jay Park
674,Gerhardine,Sewter,692-79-3795,177-733-1998,465 Sundown Avenue
675,Mellisent,Sievewright,896-45-4800,915-306-7733,94342 Debs Circle
676,Teddi,Duckerin,824-12-9379,902-380-0448,48353 Dawn Alley
677,Marlo,Courtin,443-98-3380,260-926-7199,7 Dapin Hill
678,Forrest,McCheyne,109-86-7847,491-865-3268,474 Manufacturers Court
679,Alicia,Aikett,152-47-4965,608-238-7497,150 Nancy Place
680,Janeva,Moultrie,182-54-0987,796-307-9355,7 School Avenue
681,Bev,Mabbett,472-51-4366,483-728-4592,0 Thompson Avenue
682,Claude,Readmire,727-29-1903,608-617-6456,10 Sullivan Circle
683,Colan,Aspey,187-81-4165,829-133-4799,858 Southridge Road
684,Katine,Isaacson,164-65-5978,832-209-4398,01972 Vernon Hill
685,Coreen,Alliot,811-12-1248,793-284-5977,02 Anderson Avenue
686,Inga,Watsam,570-68-5248,733-129-0676,021 Toban Lane
687,Keary,Teasell,375-32-7658,169-127-2098,501 Glendale Drive
688,Mordecai,Arnison,294-42-6183,128-118-7422,90 Hansons Road
689,Harlie,Fatscher,740-15-0094,649-939-5965,8220 Coleman Avenue
690,Lulita,Andino,783-34-9539,841-246-5804,92 Florence Street
691,Bethena,Menghi,879-79-5447,104-843-3754,18052 Butternut Crossing
692,Onfre,Hubble,433-59-4375,694-921-5239,9 Elka Drive
693,Marthena,Barlthrop,698-14-1402,379-684-8305,0376 Springs Road
694,Bernice,Godspede,121-97-1515,381-345-5093,62 Helena Drive
695,Karissa,Farman,418-30-8574,130-359-0766,22954 Annamark Road
696,Melinde,Bisson,427-28-1219,392-458-2435,10209 Goodland Road
697,Eli,Edgeler,767-39-2134,759-264-4052,885 Village Green Street
698,Orel,Thurstance,624-20-5475,239-177-0394,6 Fordem Point
699,Harriett,Moorcraft,260-04-3394,641-283-2662,11 Swallow Hill
700,Jaquelin,Waters,795-84-7865,446-126-9155,58 Grasskamp Point
701,Waiter,Rzehor,316-43-4548,595-272-3437,56618 Barby Terrace
702,Justino,Pittendreigh,194-18-8400,562-895-4723,17 Armistice Point
703,Lion,Conkie,785-56-8895,460-668-6321,434 Armistice Crossing
704,Melisent,Bairnsfather,806-28-7522,227-704-4881,69320 Corry Lane
705,Ertha,Kitter,369-56-2155,941-946-9922,021 Kenwood Court
706,Tobey,Tankus,501-95-1146,387-552-9832,3130 Charing Cross Drive
707,Doroteya,Belcham,216-39-6004,568-296-1870,0964 Myrtle Hill
708,Linnell,Hankard,368-11-3802,433-978-6354,6798 Warrior Trail
709,Griffie,Marvell,665-15-7559,693-905-6358,007 Bowman Park
710,Vanessa,Eyles,875-25-6732,196-401-3207,4536 Golf View Lane
711,Faustine,Greendale,313-15-5534,768-690-1740,2 Nobel Street
712,Shell,Murch,432-23-7789,264-631-5479,29869 Annamark Avenue
713,Korney,Romand,534-70-1150,269-556-4233,84 Milwaukee Way
714,Brenden,Bosomworth,100-41-3369,146-741-7683,106 Old Shore Way
715,Berky,Geale,838-91-9079,764-312-1424,65207 Larry Hill
716,Eduardo,Ende,122-03-6595,805-943-3514,4876 Parkside Circle
717,Rodge,Kirsz,428-79-9312,664-593-9519,5690 Stuart Drive
718,Celestine,Agutter,766-10-0407,707-748-0578,8 Sutteridge Drive
719,Reiko,Wealthall,336-25-1195,602-332-3467,98670 Twin Pines Trail
720,Stacy,Tranter,869-84-0241,371-319-1034,6 Mayfield Plaza
721,Celisse,Scanlan,816-93-4579,861-911-6398,858 Declaration Junction
722,Willetta,Robun,281-55-6499,417-737-5471,69722 Macpherson Circle
723,Bren,Been,197-49-5053,262-954-7221,149 Randy Point
724,Marwin,Piggen,602-21-6256,946-706-4219,08762 Mccormick Alley
725,Mignon,Trengrouse,799-20-0222,165-102-7444,25560 Shopko Circle
726,Noak,Vanns,478-08-6834,166-479-9571,15862 Parkside Street
727,Barry,Tupie,697-32-9953,390-877-5917,5 Bay Park
728,Packston,Slide,738-31-9459,850-886-3113,39 7th Street
729,Mira,Filippi,728-03-3071,447-435-3929,347 Prentice Hill
730,Charlean,Filippo,164-65-7434,516-817-1394,73091 Old Shore Point
731,Pippo,Jeschner,322-54-5123,466-919-8291,915 Longview Way
732,Delora,Randalston,682-32-0600,113-992-7556,048 Scott Pass
733,Krysta,Stealey,498-33-1893,217-329-4638,24459 Susan Crossing
734,Tobie,Yegorchenkov,298-75-8921,812-606-2482,4250 Reindahl Drive
735,Anna-diana,Wark,850-10-2083,599-125-9622,7329 Reinke Center
736,Crista,Girth,100-75-4759,905-630-5487,318 Maple Wood Drive
737,Pierrette,Rings,658-42-4171,166-504-2254,843 Surrey Place
738,Giuseppe,Lebang,732-37-6090,775-128-3065,94 Parkside Drive
739,Noella,Orrobin,444-54-6595,829-332-1622,9 Florence Pass
740,Cilka,Dressell,358-37-5695,255-782-8664,179 Schmedeman Lane
741,Sallee,Atlay,447-31-5317,652-184-5992,12773 Parkside Point
742,Jorry,Joret,660-89-8130,280-818-4077,4306 Raven Plaza
743,Standford,Speakman,770-01-7790,135-169-7013,1 Dorton Terrace
744,Garner,Adamou,863-68-5346,713-170-3509,6 Blaine Junction
745,Charla,Gallen,898-21-3230,475-523-1705,6612 Manitowish Junction
746,Thom,Goodhay,161-13-0987,455-564-1809,5411 Ridgeway Street
747,Rudolfo,Saladin,461-98-7825,498-614-9266,17 Burrows Circle
748,Cleo,Ferrieres,268-82-8415,250-854-5764,30 Mcbride Hill
749,Garfield,Eagling,566-89-6643,837-404-1978,85853 Cascade Court
750,Willette,Gitsham,482-15-1636,713-946-7900,6 Harbort Crossing
751,Ernaline,Byas,416-51-1612,940-142-9491,69074 Johnson Alley
752,Rafa,Paler,822-53-0653,620-671-2993,2895 Sullivan Alley
753,Livy,Kleingrub,292-50-1103,879-816-7053,6833 Coleman Avenue
754,Leesa,Tohill,299-46-3818,844-379-2004,838 Anthes Pass
755,Willamina,Vasyanin,547-84-3282,315-804-4270,39939 Golf Alley
756,Ethelin,Chichgar,498-23-2222,500-543-3321,589 Brentwood Plaza
757,Viviyan,Regglar,733-72-8806,906-520-2326,84 Doe Crossing Hill
758,Doralyn,Orans,169-99-0226,532-403-4285,7964 Fuller Parkway
759,Clyde,Talloe,411-08-2848,247-651-5436,61028 Westend Circle
760,Aveline,Vanyard,671-71-7277,569-992-2555,17936 Clove Street
761,Peria,Micah,169-65-9227,644-782-4210,3126 Killdeer Court
762,Joell,Sheringham,440-39-0343,194-321-3302,5870 Service Road
763,Olly,Aspinal,132-80-0317,162-731-0323,3691 Kensington Center
764,Fionnula,Vecard,406-42-7903,968-511-3473,8829 Arizona Road
765,Jerrie,Maylin,555-32-9406,710-955-9695,9839 Buena Vista Terrace
766,Kala,Sergeant,832-13-2535,740-114-2081,41187 Leroy Lane
767,Herc,Neave,267-39-0175,287-760-1297,8 Golden Leaf Terrace
768,Warden,Filon,177-82-8709,762-374-6889,6 Farragut Park
769,Ron,Rosenqvist,308-21-8594,415-883-7810,28 Banding Avenue
770,Nanny,Pyer,893-59-5176,470-706-3422,828 Towne Crossing
771,Lynnelle,Shotter,441-62-9091,983-215-5438,750 Knutson Avenue
772,Tyrone,Zelner,458-87-5204,985-885-9382,3368 Crowley Alley
773,Maritsa,Beausang,395-61-2867,195-682-0888,491 Jenna Way
774,Rosemarie,Mouan,432-40-7029,277-977-1291,21 Acker Circle
775,Leontine,Matysiak,598-08-6598,235-682-5875,6 Magdeline Park
776,Taddeusz,Farman,715-13-7770,800-741-8324,27813 Bonner Circle
777,Nobe,Le Noir,446-67-4627,787-802-0212,7 Eagan Park
778,Latashia,Densey,370-94-5601,158-307-4505,12 Stephen Terrace
779,Phillis,Vick,239-38-6356,127-294-8704,67089 Old Shore Crossing
780,Nadia,Chipp,488-19-4576,759-312-9701,34723 Debs Hill
781,Karisa,Castleman,429-67-8525,544-884-1069,55 Forster Circle
782,Vevay,McFater,776-59-4729,621-910-4761,29 Miller Avenue
783,Richmound,Antal,712-33-1453,758-981-7837,3 School Alley
784,Ethelbert,Terris,770-63-7252,243-296-3970,0425 Debra Street
785,Richie,Pavier,595-75-3318,356-291-6913,829 Evergreen Pass
786,Arvin,Colliard,844-89-9675,641-223-6038,72527 Judy Court
787,Neil,Mandifield,821-47-3493,986-641-8980,82 Ludington Street
788,Alverta,Liddel,423-96-5388,650-766-6936,6 Northwestern Drive
789,Donavon,Abramson,440-85-8580,715-142-9561,7 Donald Plaza
790,Rochelle,Lack,101-23-3162,395-774-3094,7900 Killdeer Terrace
791,Natalie,Jirasek,363-03-9409,364-639-3168,11 Corben Pass
792,King,Fishlock,741-67-0900,458-321-0726,5693 Mendota Lane
793,Emera,Wenham,240-73-3502,794-606-2597,9869 Del Sol Court
794,Myrwyn,Hucquart,751-13-2318,342-754-0618,3532 Hanover Circle
795,Krystyna,Tamburi,621-27-2484,812-274-1419,9671 Hazelcrest Terrace
796,Becky,Kleiser,314-86-7725,203-755-0887,81203 Sachs Junction
797,Carmelina,Kneebone,107-24-3692,862-725-9961,3662 Wayridge Way
798,Elfrieda,Larret,582-32-9069,829-976-4978,59997 Lake View Lane
799,Lynnelle,O'Towey,391-56-5986,840-933-1719,40403 Tomscot Drive
800,Agnese,Crallan,273-21-9225,885-612-2395,07 Arkansas Junction
801,Hersh,Hucker,260-01-4066,260-170-6363,5 East Lane
802,Damaris,McIlmorie,537-65-7255,799-995-1089,2 Golden Leaf Point
803,Eduard,Mayzes,499-21-0066,423-203-1647,375 Hudson Way
804,Les,Hofler,140-52-1541,296-803-1369,25 Brickson Park Junction
805,Alastair,Symcox,773-58-4546,584-169-9114,8 Rigney Junction
806,Orelie,McClune,817-51-2956,222-587-9580,14346 Stephen Crossing
807,Aurel,Jakubski,640-59-0020,321-782-9669,852 Schmedeman Crossing
808,Verney,Kernermann,867-83-0942,682-754-2617,4768 Vera Street
809,Issie,Korous,395-54-2197,419-336-4475,79067 Dixon Crossing
810,Tommi,Clissold,394-36-3874,370-967-4424,58 Maple Trail
811,Papagena,Henstone,227-82-5830,568-912-4450,8 Golden Leaf Place
812,Jaquenetta,Gittose,450-75-7658,963-154-2212,3777 Florence Road
813,Lorrin,Stivers,217-35-6083,135-731-3026,8580 Eggendart Junction
814,Elsa,Spick,347-83-2637,524-118-0252,6602 Bowman Parkway
815,Rudy,Bartaloni,323-81-2621,928-947-0199,00 Melody Circle
816,Maison,Hardwicke,671-08-0500,922-883-1993,91678 Lawn Park
817,Felicle,Lavalle,153-27-9362,268-122-7477,6234 Mesta Trail
818,Dorthea,Christian,741-78-3465,942-367-7985,152 Caliangt Crossing
819,Lark,Frawley,536-99-4958,583-919-4134,71060 Magdeline Drive
820,Elianora,Hyett,543-97-8525,464-803-9921,4 Brickson Park Terrace
821,Elladine,Brankley,633-29-7879,292-944-6631,22 Bobwhite Road
822,Loralee,Stoile,619-83-1007,285-982-1565,8 Meadow Ridge Pass
823,Monte,Bleakley,177-77-8973,222-656-3382,2309 Maple Wood Alley
824,Joly,Kaley,356-03-3944,371-104-4375,11 Sommers Junction
825,Dallas,Barmadier,576-64-0769,390-250-1474,5 Bunker Hill Trail
826,Sisile,Colisbe,305-98-4472,107-502-3096,169 Northridge Plaza
827,Kylila,Boribal,301-43-5816,145-864-4561,1 Delaware Place
828,Bernardine,Clough,507-25-5444,987-735-3493,5 Nobel Street
829,Ynez,Kike,320-14-9380,165-118-1302,06661 Mesta Park
830,Isaak,Mort,876-57-3645,632-506-7465,3 Meadow Valley Terrace
831,Andros,Gasquoine,226-18-6597,454-184-1271,3866 Almo Avenue
832,Bonny,Lewsy,667-92-2589,389-518-3590,84 Northland Circle
833,Elyn,Palmer,383-54-8142,430-637-6647,696 Harbort Alley
834,Dion,Bewshire,688-24-1054,105-964-8489,71 Bellgrove Hill
835,Hastings,Revel,631-62-3697,738-376-4839,27673 Forster Lane
836,Tommie,Viccars,678-83-0222,381-719-1389,26 Bartillon Park
837,Jany,Emptage,709-08-5811,620-995-9339,68 Dixon Parkway
838,Jacklyn,Pizzie,345-21-3755,619-458-6379,80571 Darwin Plaza
839,Lammond,Tallon,621-98-5819,455-767-8872,4764 Carioca Crossing
840,Ellswerth,Lempke,804-80-1790,176-369-3155,8 Emmet Way
841,Durant,Kisar,424-20-7906,673-266-0527,482 Messerschmidt Park
842,Ardra,Diggins,791-21-6995,714-220-3717,163 Sundown Parkway
843,Beverlee,Hindmore,232-89-2125,350-501-2932,187 Maryland Lane
844,Fanny,Peetermann,375-57-3164,203-243-0334,52 Merchant Drive
845,Carree,Lafrentz,768-30-4713,951-836-0100,828 Hagan Alley
846,Pat,Gilston,680-23-1486,370-146-3418,77643 Kinsman Point
847,Rudolph,Bristowe,557-53-8149,474-592-6133,7 Canary Parkway
848,Ardis,Mellonby,431-35-2016,315-634-9113,6676 3rd Pass
849,Sheena,Keepe,381-56-7710,108-987-8344,979 Carpenter Way
850,Sisely,Wolfarth,400-14-6588,674-729-7938,5 Waubesa Road
851,Celestyn,Drepp,791-83-6091,565-513-9621,78353 Stoughton Way
852,Matthew,Ballchin,832-59-0339,486-773-2904,8574 Northfield Way
853,Eldredge,Liversley,581-57-5127,501-382-5469,7726 Dovetail Trail
854,Mickey,Service,808-49-9409,581-981-0929,29338 Beilfuss Circle
855,Pippy,Stanaway,810-93-0997,520-280-4433,6335 Melby Plaza
856,Durant,Hearnes,644-53-8592,506-553-7411,086 Daystar Place
857,Ernest,Tadd,602-68-5709,650-926-5303,3742 Esker Avenue
858,Stesha,Derges,670-91-3597,636-402-3038,0 Debs Pass
859,Garrik,Massimi,532-40-3962,242-348-8647,07368 Lakewood Center
860,Lynnett,Trevallion,637-80-7087,907-573-8579,8 Farwell Alley
861,Carly,McVicar,738-03-7050,599-678-2153,463 Talisman Road
862,Rickey,Ashborn,471-79-5000,158-887-4734,9 Leroy Hill
863,Florian,Charette,885-12-2516,980-369-5614,942 Village Green Plaza
864,Rubia,Roumier,582-07-2918,446-697-5212,3 Bashford Way
865,Theressa,Duxfield,594-17-1562,346-689-4817,19 Sachs Trail
866,Kermie,Nicol,879-63-0461,790-560-6523,60 Hoepker Trail
867,Caprice,Peerless,388-11-0610,473-929-7401,1 Northwestern Hill
868,Josi,Beddis,186-25-2661,117-862-2864,46 Northfield Street
869,Farlay,Featley,158-33-4391,965-968-6601,355 Old Shore Circle
870,Liz,Sheahan,486-96-6856,205-174-3505,2835 Florence Plaza
871,Mara,Orbine,405-67-4343,105-504-6106,973 Atwood Hill
872,Terrill,Potzold,297-26-3509,668-814-0441,8 Park Meadow Circle
873,Bryn,MacCorkell,425-76-6744,148-841-4119,821 American Terrace
874,Chaddy,Tattershaw,122-90-5028,325-618-6221,951 Thackeray Pass
875,Nessie,Rays,249-51-3291,499-429-7493,9391 Golden Leaf Lane
876,Alley,Spellard,483-28-1755,957-715-8311,1444 Merchant Pass
877,Maude,Pimblotte,729-64-7098,813-768-9848,620 Eastlawn Point
878,Benjamin,Seary,556-10-0529,908-939-7044,3652 Basil Junction
879,Marline,Lingley,733-18-5151,742-597-0464,9076 Anthes Avenue
880,Micheline,Malloy,725-07-6071,992-448-6267,32296 Northview Circle
881,Urbanus,Eversfield,559-88-0157,194-410-5919,8 Manley Junction
882,Evan,Hempel,337-97-1910,667-379-0379,75809 Spenser Park
883,Justin,Cronchey,434-02-8616,793-271-5635,6466 Old Shore Park
884,Hatty,Paprotny,770-40-1841,355-390-7882,040 Scoville Plaza
885,Gawain,Beekmann,720-69-3072,356-577-9257,6985 Crescent Oaks Crossing
886,Wyndham,Giaomozzo,316-83-5412,375-928-7029,882 Charing Cross Circle
887,Erna,Ranns,534-51-2443,727-822-8631,22895 Warner Terrace
888,Shelly,Minmagh,143-13-0678,630-438-2002,47726 Ridge Oak Alley
889,Kennett,Ainley,734-22-5812,984-978-8129,265 Lunder Trail
890,Dotty,Farnan,616-32-0446,724-309-0478,96828 Banding Road
891,Blane,de Courcey,244-87-4275,806-751-6930,397 Fordem Point
892,Florencia,Iffe,389-22-9654,528-577-9858,49294 Pepper Wood Junction
893,Wyn,Furby,676-63-2404,371-195-1050,7 Springs Place
894,Natal,Queree,478-30-4816,632-315-3712,08874 Prairieview Trail
895,Corny,Burnand,630-36-0842,328-600-7468,2022 Mayfield Drive
896,Noel,Notley,223-42-0366,652-356-1325,13139 Vidon Court
897,Blaine,Welbelove,760-95-1055,953-439-6083,40 Anderson Alley
898,Bank,Deards,440-34-4359,585-425-9928,26 Texas Street
899,Jocelin,Goodayle,852-28-9898,803-821-8631,27 Waxwing Crossing
900,Joleen,Mullinder,690-04-9917,756-109-8332,544 Lotheville Road
901,Katlin,Critchard,473-35-6404,220-303-5915,77 Erie Junction
902,Christoforo,Prosh,195-91-8739,972-557-7264,7127 Mallard Place
903,Sandor,Janjusevic,483-90-2695,742-196-2989,31 Fairfield Junction
904,Corty,Antonsson,749-35-0315,323-158-8840,2 Truax Pass
905,Christoffer,Galer,103-97-3375,854-179-7735,15723 Swallow Circle
906,Eugine,Crosland,801-56-7821,948-712-6905,7 Grim Place
907,Lisetta,Saiger,257-95-2819,966-155-8523,77 Meadow Ridge Crossing
908,Verine,Scintsbury,321-32-2605,649-498-9722,5 Tennyson Pass
909,Lilla,Ballintime,495-75-8870,393-894-0674,3085 Dunning Alley
910,Andree,Housego,346-84-3963,781-731-3682,3 Crownhardt Parkway
911,Vita,Haddick,645-58-5301,959-343-2346,5497 Marcy Alley
912,Jeane,Bake,322-74-5437,120-192-1497,38819 Fisk Crossing
913,Josefa,Ceschi,758-77-3467,260-655-1657,76 Maryland Lane
914,Vida,Dot,511-31-5296,331-547-6051,84 Almo Point
915,Barclay,Carillo,646-90-7094,701-964-2531,06 Sutteridge Circle
916,Vere,Gascone,360-49-9929,484-651-0632,05816 Granby Avenue
917,Kalinda,Fores,202-61-1729,963-702-1092,7064 Express Park
918,Julina,Milvarnie,590-64-5212,879-918-0901,542 Weeping Birch Hill
919,Melicent,Crossley,225-68-2142,732-487-5424,67455 Old Gate Alley
920,Lyndsay,Wretham,382-64-8535,224-582-6792,383 Blue Bill Park Street
921,Donna,Eckley,230-14-3186,459-636-7151,5279 Rieder Court
922,Jonas,Kaszper,453-47-1056,131-515-0899,15 Glacier Hill Drive
923,Bethena,Pernell,573-35-5304,837-919-4190,2115 Main Plaza
924,Juieta,Village,879-35-5950,757-445-0882,87005 Heffernan Lane
925,Larry,Aitken,414-91-1806,448-361-3616,09 Ludington Park
926,Blair,Bantock,495-63-5592,483-640-7055,84 Heffernan Pass
927,Pavel,Tann,875-77-9743,114-669-5481,68 Menomonie Alley
928,Bryon,Windrum,150-44-7069,949-460-8885,0193 Carey Junction
929,Merrill,Meighan,844-28-7079,481-480-7487,8 Ramsey Pass
930,Phelia,Cisson,807-31-4547,880-780-8471,2530 Ruskin Plaza
931,Cele,Flucker,126-16-7604,647-293-8496,5 Derek Pass
932,Daniele,Allatt,578-20-5965,449-976-5923,21 Merry Alley
933,Alberto,Curbishley,182-04-5216,224-144-6122,49 Shopko Way
934,Killy,McCart,422-03-6249,802-331-7627,4023 Victoria Alley
935,Gipsy,Spender,604-60-3430,389-721-6529,67240 Canary Terrace
936,Thor,Branston,326-09-6445,110-153-1701,5 Harbort Pass
937,Brita,Myerscough,335-19-4963,465-488-5905,326 Maryland Hill
938,Regine,Bartlam,694-63-1903,675-613-0362,5938 Heffernan Terrace
939,Kellsie,Acaster,504-82-6103,801-325-1255,7386 Badeau Place
940,Kristi,Neild,369-31-3992,452-733-4785,054 Dorton Point
941,Claudian,Labbati,198-81-4388,141-266-6543,75 Kingsford Alley
942,Felicia,Yurkiewicz,469-87-7773,974-991-0074,4476 Reindahl Plaza
943,Siouxie,Byatt,364-03-9671,320-620-5900,028 Londonderry Alley
944,Melany,Pavy,618-62-1853,851-582-0273,5 Manley Crossing
945,Lawrence,Deware,598-28-9371,477-212-3698,2 Monterey Way
946,Sibby,Ulrik,835-88-6535,734-155-8261,0 Coolidge Drive
947,Doyle,Crossman,809-48-3983,762-728-9833,57882 Fulton Street
948,Marshall,Parsand,254-50-0718,944-990-8624,7 Division Parkway
949,Annissa,Dursley,796-17-4873,670-840-2094,369 Walton Plaza
950,Tomlin,Bartoszewicz,167-97-8309,880-169-8903,161 Manitowish Alley
951,Leah,Raftery,376-50-8824,836-829-0461,3926 Eastlawn Point
952,Minne,Capehorn,639-63-9813,153-547-3858,55 Corry Street
953,Uta,Pollastrone,433-26-1145,217-225-3613,272 Meadow Ridge Pass
954,Kaiser,Romushkin,374-72-6031,572-647-8058,586 Monica Point
955,Kai,Abramowsky,871-48-0471,349-152-3076,2965 Vera Alley
956,Veronika,Duiged,284-31-0594,667-756-0369,942 Anzinger Place
957,Aggy,Dyas,313-85-3938,285-153-0792,40894 Carey Court
958,Ermin,Druce,856-51-0072,183-546-0276,05 Merchant Junction
959,Koenraad,Hesse,569-56-0096,312-514-9529,575 Rigney Court
960,Dionysus,Hanretty,741-90-1334,166-864-0401,49894 Bultman Avenue
961,Carlee,Jennaroy,530-24-6018,217-666-6666,0405 Havey Road
962,Glory,Jillett,243-17-2789,635-900-1936,80384 Hooker Park
963,Brinna,Sullens,850-12-8803,637-307-9113,8 Gina Road
964,Rad,Pisculli,659-35-7056,237-229-1745,12371 Carioca Crossing
965,Gipsy,Haslum,310-25-3037,474-974-6542,90110 Express Junction
966,Fraser,Chaffey,688-47-3776,744-160-9275,56 Forest Trail
967,Bartolemo,Albiston,493-31-4373,427-241-6856,32 3rd Way
968,Georgeanna,Ilyuchyov,498-83-2216,819-262-8242,56805 Elgar Circle
969,Merridie,Pace,516-16-5139,673-838-3613,4665 Pine View Parkway
970,Cos,Brayne,298-28-5344,173-986-3983,67 Tennessee Avenue
971,Dyana,McKelvey,386-41-4240,204-786-2932,09 Dahle Court
972,Lila,Petri,597-32-3373,873-118-0191,4231 Pine View Road
973,Adelice,Swires,363-48-4762,639-869-5178,0891 Hooker Court
974,Ange,McGregor,132-23-3354,716-752-5685,8 Tennyson Road
975,Rosaline,Lewington,266-32-5841,706-480-7446,22 Springs Drive
976,Ellerey,Cathcart,297-47-6410,547-915-9610,9641 Stone Corner Parkway
977,Fan,Jeffries,415-36-2887,837-324-3156,35781 Cottonwood Plaza
978,Elfrida,Dallender,656-67-3863,695-774-4820,8727 Morrow Junction
979,Silvana,Jennings,188-84-5298,618-777-4446,73 Anzinger Hill
980,Chick,Bellino,398-52-6430,745-445-5078,441 Fisk Center
981,Cordula,Gratrix,612-96-1781,738-326-2357,1 Chinook Place
982,Shawna,O'Daly,380-19-6360,358-776-2330,925 Fuller Drive
983,Javier,Fulton,535-59-6731,180-933-3140,68630 Rusk Trail
984,Lorenzo,Godar,270-96-1889,246-647-1594,8738 Butterfield Point
985,Gibb,Borghese,278-12-7648,906-640-2139,9 South Parkway
986,Nigel,Fredy,215-07-6901,258-140-4715,94 Eastwood Lane
987,Shanta,McAlpine,424-68-9799,370-718-7637,774 Del Mar Lane
988,Vere,Veschambes,544-12-8767,445-724-7469,80 Hagan Crossing
989,Annabella,Sapshed,836-32-2959,729-858-2478,5635 Valley Edge Terrace
990,Bordie,Mannin,662-78-5282,486-639-2574,9 Golf View Road
991,Sheba,Eede,506-16-0780,958-340-7783,1 Eastlawn Trail
992,Carissa,Yeowell,129-56-7186,949-857-0964,93979 Bay Avenue
993,Conrado,Load,790-40-6255,786-106-1741,0706 Meadow Valley Alley
994,Cherilynn,Greatreax,227-38-9653,793-819-2453,30 Forest Circle
995,Dur,Scurrell,778-06-6704,289-998-5706,0480 Hollow Ridge Way
996,Niki,Harcourt,858-82-2372,191-881-5824,34337 Truax Street
997,Vin,Roache,744-41-9087,931-903-8002,1854 Moose Drive
998,Kenyon,Licence,628-22-5834,128-680-0267,12949 Sundown Hill
999,Chance,Crockett,369-77-3663,761-236-5896,862 Ridgeview Way
1000,Candie,Romaines,813-23-7866,687-774-3044,52013 Shelley Parkway
