id,first_name,last_name,Passport,phone,Job,Territory
1,Flem,Ragot,605-37-7918,285-188-4384,Junior Executive,China
2,Herman,Duddan,269-96-6175,796-982-1005,Pharmacist,China
3,Tiphani,Ciementini,370-22-5151,609-460-3641,Quality Control Specialist,Indonesia
4,Malcolm,Rands,724-63-4885,285-776-8036,Structural Analysis Engineer,China
5,Gearalt,Lamming,261-12-0128,107-481-6777,Geologist II,Indonesia
6,Sauveur,Eustis,460-03-0412,669-199-1109,Computer Systems Analyst III,Cuba
7,Emmie,Tabourel,302-79-9235,441-896-0718,Senior Cost Accountant,Indonesia
8,Loutitia,Tredinnick,661-08-1163,460-321-1213,Data Coordiator,Ethiopia
9,Danna,Gash,868-44-8269,349-157-8348,Health Coach III,Indonesia
10,Tomkin,Lamminam,595-55-1399,938-737-5640,Account Coordinator,Philippines
11,Bellanca,Byneth,890-68-2574,707-732-0670,Data Coordiator,Afghanistan
12,Kori,Lucchi,848-15-3742,707-728-3872,Sales Associate,Malaysia
13,Timothy,Chick,705-48-7112,672-683-5121,Nurse,Kyrgyzstan
14,Johna,Hamman,324-29-4575,879-462-4871,Assistant Professor,Indonesia
15,Elmore,Sango,590-23-9078,700-629-7975,Senior Quality Engineer,Sweden
16,Town,Manuele,578-57-8767,483-335-2096,Food Chemist,Mauritius
17,Bee,Thunderchief,239-33-5338,737-544-6564,Nurse Practicioner,Argentina
18,Shelba,Paullin,660-73-8668,548-523-5165,Programmer II,China
19,Olly,Ceschi,401-72-8766,553-160-5603,VP Sales,Philippines
20,Kearney,Waple,553-78-5550,306-324-2074,Tax Accountant,Japan
21,Glory,Brownsmith,753-31-6162,714-538-3535,Accounting Assistant III,Indonesia
22,Uriel,Woolis,571-98-0675,323-349-7826,Automation Specialist IV,Peru
23,Kordula,Schmuhl,706-49-1749,721-797-5168,Electrical Engineer,Marshall Islands
24,Klaus,Piddick,565-39-7002,421-509-8686,Human Resources Assistant III,Indonesia
25,Hardy,Crumby,385-15-9809,926-218-4480,Occupational Therapist,Portugal
26,Zachary,Worstall,849-61-6609,551-590-8940,Design Engineer,Brazil
27,Erastus,Kubek,311-71-2478,535-847-0686,Chief Design Engineer,Indonesia
28,Jan,Ingraham,188-39-4483,151-620-2530,Accounting Assistant I,Kazakhstan
29,Marcille,Lemoir,661-78-1502,140-273-0979,Registered Nurse,China
30,Roderigo,Lewnden,387-01-0840,520-838-6044,Software Consultant,Malta
31,Creigh,Tolley,273-08-2175,116-306-6426,Media Manager II,Indonesia
32,Yolanthe,Beedell,418-19-2215,480-252-0859,Senior Cost Accountant,France
33,Mordy,Wyatt,497-93-0959,100-117-0880,Computer Systems Analyst IV,Indonesia
34,Lowell,Grishkov,110-95-5465,116-696-8098,Dental Hygienist,China
35,Rhonda,Blakiston,538-75-6088,801-308-9872,Design Engineer,Indonesia
36,Truman,Collyer,139-21-9850,489-676-8872,Actuary,Russia
37,Gian,Panks,390-52-2894,115-814-7628,Sales Associate,Russia
38,Ashli,Virgin,893-72-9595,413-792-1728,Chief Design Engineer,Honduras
39,Roscoe,Clawley,856-89-9214,423-609-5155,Information Systems Manager,Luxembourg
40,Kalil,Settle,569-46-5019,714-156-5202,Analog Circuit Design manager,United Kingdom
41,Glyn,Comellini,588-73-4964,295-212-7228,Executive Secretary,Indonesia
42,Jens,Brownett,206-85-6710,746-456-3946,Senior Developer,Spain
43,Cate,Easey,409-33-9527,589-303-1748,Quality Engineer,Thailand
44,Alecia,Scudder,131-26-6850,523-411-0665,Developer III,France
45,Charissa,Lowensohn,814-92-4387,748-934-5702,Business Systems Development Analyst,China
46,Jeramey,Leathwood,286-93-7067,651-605-6038,Paralegal,United States
47,Larina,Snow,873-32-2982,619-421-0279,Safety Technician III,United States
48,Esme,Oaten,660-61-9980,672-893-2986,Help Desk Operator,Sweden
49,Cosimo,Garrison,697-99-0219,502-531-0207,Accountant I,China
50,Giuseppe,Van der Kruys,825-21-0574,202-225-1400,Quality Engineer,Argentina
51,Maureen,Wakefield,689-37-2549,838-167-9562,Chief Design Engineer,Venezuela
52,Evangelin,Ambrogiotti,264-44-4451,246-471-6905,Geological Engineer,Belarus
53,Marlow,Haggeth,625-85-3198,112-370-9605,Marketing Manager,Argentina
54,Tracy,Cissen,329-72-4456,745-153-8324,Web Designer I,Yemen
55,Udale,Adamowitz,149-55-7379,353-194-0612,Tax Accountant,China
56,Elmo,Buffin,781-17-0170,936-380-1081,Human Resources Assistant II,Mozambique
57,Marietta,Domenico,129-78-6118,293-664-0502,Project Manager,Finland
58,Kris,Tomblings,494-04-7375,747-432-5194,Design Engineer,Vietnam
59,Brittaney,Gallichan,175-59-6420,248-816-5389,Business Systems Development Analyst,Indonesia
60,Siusan,Fedder,626-50-8406,841-400-3612,Paralegal,Samoa
61,Georgiana,Willerson,279-63-1197,371-487-7246,Executive Secretary,China
62,Ophelie,Stirtle,233-27-0499,791-363-4733,Automation Specialist IV,Indonesia
63,Imelda,Jersch,858-67-6900,563-382-8074,Electrical Engineer,China
64,Gene,Rive,836-91-2379,134-355-5819,Senior Financial Analyst,China
65,Chaddy,Rozier,809-95-0016,343-185-9317,GIS Technical Architect,Czech Republic
66,Golda,Wynrehame,264-13-7576,565-237-2750,Compensation Analyst,Japan
67,Nicol,Thrush,646-72-2119,922-730-0147,Financial Advisor,Namibia
68,Cinderella,Murfett,821-94-3531,194-680-1790,Executive Secretary,Morocco
69,Maryrose,Bristow,774-69-2283,921-362-8956,Tax Accountant,Sweden
70,Travis,Jolin,505-60-1490,629-709-5997,Research Associate,Myanmar
71,Egor,Dargavel,629-50-0223,827-506-5619,Civil Engineer,Brazil
72,Rorke,Boutellier,252-42-8086,411-287-4830,Database Administrator II,Chile
73,Bibi,Duce,645-93-6197,670-897-0401,Graphic Designer,Poland
74,Elfrida,Vernham,647-57-5477,713-810-3624,Professor,Greece
75,Cherrita,Essel,487-78-9333,436-676-1828,Design Engineer,Poland
76,Blinnie,Aluard,109-17-4332,520-480-2485,Editor,China
77,Alfredo,Simonsen,487-55-2613,109-678-2706,Computer Systems Analyst IV,Russia
78,Siobhan,Alvarez,389-70-7602,481-259-4103,Staff Scientist,Philippines
79,Hadleigh,McKellen,572-06-0195,679-306-1640,Automation Specialist II,Mongolia
80,Philippa,Renad,706-87-3874,409-127-4226,Information Systems Manager,China
81,Carlen,Stokell,807-76-4625,168-546-6594,Registered Nurse,Brazil
82,Clarine,Baraja,769-04-3119,425-599-7968,Librarian,Egypt
83,Neely,Pantry,752-02-4738,438-116-1378,General Manager,France
84,Raimundo,Loding,141-66-2301,873-549-3275,Information Systems Manager,Ukraine
85,Vivianne,Snelgrove,428-44-1754,318-145-3081,Graphic Designer,United States
86,Cass,Ellwell,317-29-2388,389-679-3602,Environmental Specialist,Serbia
87,Annaliese,Newlands,462-35-2183,893-728-7057,Financial Analyst,Azerbaijan
88,Zelda,Benettolo,884-55-8500,170-188-0983,Civil Engineer,Mexico
89,Kayle,Bower,456-49-6467,289-630-5521,Product Engineer,Serbia
90,Nerte,Patesel,123-97-4011,627-572-0767,Speech Pathologist,China
91,Mohammed,Cham,219-89-3552,918-701-0590,Mechanical Systems Engineer,Canada
92,Ricardo,Sebring,358-65-1817,133-376-8657,Marketing Assistant,Palestinian Territory
93,Orly,Rableau,809-35-9919,901-149-2322,Budget/Accounting Analyst II,Mexico
94,Emmet,Iwanczyk,611-03-0295,386-531-4796,Environmental Tech,France
95,Meris,McCartney,658-84-6849,413-733-4414,Executive Secretary,Vietnam
96,Maribel,Ruffli,214-32-9208,321-169-1972,Biostatistician III,Sweden
97,Winne,Petr,600-80-5034,929-195-1801,Environmental Tech,China
98,Gayle,Schleicher,282-85-1139,176-736-8949,Accounting Assistant III,France
99,Harriot,Attwell,163-41-7825,685-303-2125,Internal Auditor,Russia
100,Caril,Boyer,174-44-7062,295-751-2879,Computer Systems Analyst I,China
101,Trip,Roberto,671-28-8115,632-919-8849,Financial Analyst,Egypt
102,Duff,Gruszczak,692-22-8089,884-141-3140,Environmental Tech,Indonesia
103,Carmita,Tranfield,320-95-4212,312-513-6903,Information Systems Manager,China
104,Christiano,Von Helmholtz,700-97-1161,512-627-4324,Senior Quality Engineer,United States
105,Bethena,McAvinchey,185-76-0290,890-725-8683,Librarian,Croatia
106,Konstantine,Hebdon,804-94-6489,724-391-6688,VP Product Management,Indonesia
107,Bernarr,Di Dello,366-36-7043,266-610-9432,Junior Executive,China
108,Melisse,Petracek,650-49-1052,470-529-3087,Developer III,Nepal
109,Olia,Sulman,655-99-7689,897-135-3771,Analog Circuit Design manager,Russia
110,Brandtr,Formie,621-71-2011,246-997-9276,VP Marketing,China
111,Patten,Dyde,489-35-0223,131-927-1682,Developer IV,China
112,Andeee,Vogt,507-67-7778,852-999-7817,Recruiter,Finland
113,Neron,Quarrell,346-95-0925,570-926-1017,Environmental Tech,Brazil
114,Maddie,Hobben,784-82-8355,487-906-9166,Software Engineer III,Philippines
115,Cheryl,Dietsche,184-13-8307,159-966-1465,Safety Technician IV,Czech Republic
116,Hendrik,Sleite,290-05-0504,576-596-5331,Nuclear Power Engineer,Mongolia
117,Doyle,Checkley,185-17-7380,175-486-7237,Paralegal,China
118,Tabina,Townshend,789-64-5461,780-941-1877,Community Outreach Specialist,Slovenia
119,Jaclyn,Yokley,538-16-6069,437-256-2005,Software Test Engineer IV,Peru
120,Christoffer,Marielle,620-94-4153,999-528-9095,Senior Editor,China
121,Lalo,Raspin,636-04-2623,445-117-3627,Database Administrator I,Liberia
122,Cornie,Daunay,707-49-0081,300-805-1879,General Manager,Indonesia
123,Riane,Yuill,755-34-9665,910-919-1223,VP Product Management,Philippines
124,Roman,Fassbindler,310-69-6561,479-507-6266,Account Representative IV,Liberia
125,Vaughan,Heatley,478-49-6080,443-240-2403,Operator,Ukraine
126,Waylin,McFee,458-72-4293,162-617-4546,Internal Auditor,Serbia
127,Donnajean,Jackalin,708-90-4223,156-290-5783,Recruiter,Kazakhstan
128,Annora,Withey,279-77-2102,307-623-5868,Research Nurse,China
129,Violetta,Suthworth,823-64-7439,778-670-8940,Assistant Media Planner,Czech Republic
130,Lorri,Rowbury,664-01-5061,720-576-7049,Administrative Assistant II,Cameroon
131,Rosene,Cantle,464-26-6851,962-611-0645,Geologist III,China
132,Willabella,Kiggel,508-37-3057,746-915-1871,VP Product Management,Argentina
133,Bert,Muffin,396-20-6300,920-813-0541,Recruiting Manager,Bosnia and Herzegovina
134,Mersey,Avraham,293-63-7780,996-582-2520,Marketing Assistant,Indonesia
135,Emmett,Webby,588-88-7356,152-348-9394,Assistant Professor,China
136,Tiff,Paulich,820-11-5912,214-236-2311,Executive Secretary,Portugal
137,Hazel,Cain,496-77-1662,524-329-1789,Speech Pathologist,Colombia
138,Ozzy,Barradell,680-96-0747,887-622-6315,Chief Design Engineer,Canada
139,Della,Bleasdale,172-11-6150,791-551-0592,Chief Design Engineer,Japan
140,Bronny,McGilvra,794-49-5703,482-908-3154,Senior Financial Analyst,Russia
141,Elvyn,Dmitriev,591-07-4799,247-452-0792,Health Coach III,China
142,Tessy,Jarad,368-09-3200,779-455-1734,Cost Accountant,Portugal
143,Nanci,Cronk,334-38-5611,167-393-3861,Structural Analysis Engineer,Slovenia
144,Jillene,Dunthorn,809-48-1694,132-292-7288,Research Nurse,Venezuela
145,Mitchell,Sherrell,538-95-2762,931-259-6601,Research Assistant III,China
146,Bess,BoHlingolsen,289-58-8356,921-659-5504,Health Coach I,Tunisia
147,Corena,Killich,428-28-3977,345-553-6432,Nurse Practicioner,China
148,Agace,Pickworth,683-11-6561,580-654-0515,Recruiting Manager,Russia
149,Carolynn,Pummery,826-77-8964,273-211-9038,Account Representative I,China
150,Neddie,Flarity,336-68-3888,497-809-4356,Clinical Specialist,Sweden
151,Wayland,Dufaur,541-63-5750,631-152-1804,Geologist III,Philippines
152,Phedra,Ricardou,633-01-2502,475-863-4922,Cost Accountant,Netherlands
153,Doralyn,Boles,680-08-7469,845-851-4189,Media Manager I,Russia
154,Curr,Primett,299-15-6094,463-879-7067,Senior Financial Analyst,Sweden
155,Pegeen,Piggen,582-94-1517,853-685-9143,Electrical Engineer,Guatemala
156,Sebastien,Golsworthy,326-05-3352,305-912-6900,Developer III,Bangladesh
157,Pepito,Albany,493-86-6705,180-925-8464,Administrative Officer,Mauritius
158,Ninetta,Jotcham,487-18-5228,111-362-2774,Registered Nurse,Portugal
159,Alvie,Boylan,512-26-1041,807-244-5651,Safety Technician IV,Thailand
160,Tabbitha,Elcombe,380-56-7274,310-739-2561,Editor,Indonesia
161,Ekaterina,Giorio,393-88-5726,536-258-1324,Technical Writer,Haiti
162,Esteban,McCoy,827-08-6659,259-850-1379,Speech Pathologist,Philippines
163,Kristina,Paulus,354-28-4792,224-278-9147,VP Accounting,China
164,Henryetta,Paladino,796-30-1661,583-605-8787,Senior Financial Analyst,Belarus
165,Malena,McDonogh,186-91-8234,882-504-2829,Marketing Manager,Egypt
166,Harrie,Mariault,265-24-0420,223-606-8150,Programmer II,Chile
167,Roderick,Sangwin,833-34-8451,910-609-0010,Statistician IV,Mexico
168,Margaux,Labrom,551-51-3407,363-401-5170,Actuary,China
169,Peyter,Golding,674-15-9213,927-703-6908,Operator,China
170,Porty,Smouten,763-13-0073,347-158-7220,Senior Sales Associate,Indonesia
171,Archie,Goseling,762-25-5252,739-715-5593,Automation Specialist II,Brazil
172,Richardo,Gerhts,267-31-9528,379-784-7627,Analyst Programmer,Poland
173,Jenine,Janauschek,213-90-7504,780-175-4005,Operator,Brazil
174,Winny,Clowes,474-68-0818,267-897-4286,Nurse,United States
175,Elberta,Farman,670-65-3413,257-253-5478,Recruiting Manager,San Marino
176,Arabele,Vella,556-22-5532,241-427-6091,Structural Analysis Engineer,China
177,Madonna,Slowley,850-28-9606,365-644-2083,Project Manager,Vietnam
178,Nalani,Jery,397-39-8917,733-330-6960,Research Nurse,Portugal
179,Xylina,Redmayne,679-43-9354,549-707-0660,Senior Editor,Azerbaijan
180,Valerye,Matteo,667-31-9411,349-391-5484,Clinical Specialist,Russia
181,Dyna,Coryndon,424-87-3816,498-933-0118,Programmer III,Indonesia
182,Wes,Gatcliff,794-51-0027,344-325-5088,Research Assistant III,Philippines
183,Bel,Marty,148-37-1916,161-397-4723,Registered Nurse,Poland
184,Lorelle,Jasiak,496-49-9246,888-181-2316,Information Systems Manager,Poland
185,Rosemonde,Levens,533-07-1299,481-386-5305,VP Marketing,France
186,Jen,Blain,204-91-5710,957-295-8186,Associate Professor,China
187,Leyla,Gisborne,712-73-6261,237-440-0864,Structural Analysis Engineer,Yemen
188,Cyrill,Gouthier,520-58-6447,899-328-5019,Mechanical Systems Engineer,Sri Lanka
189,Yehudi,Tour,888-26-5869,355-741-8399,Food Chemist,Brazil
190,Silvano,Gawn,622-63-2755,236-213-1553,Registered Nurse,Mongolia
191,Yul,Roles,146-86-1449,882-249-2493,Chemical Engineer,China
192,Vallie,Bembrigg,373-22-7891,279-231-0563,Pharmacist,China
193,Lesli,Weagener,455-46-3094,450-816-3829,Senior Cost Accountant,Palestinian Territory
194,Fritz,Debrett,210-34-5844,529-533-2197,Information Systems Manager,Indonesia
195,Illa,Dedney,461-26-1213,298-865-3186,Developer I,Russia
196,Henryetta,Trehearne,239-85-5567,760-940-0014,Nurse Practicioner,China
197,Wynn,Delort,120-87-8476,383-563-9674,Marketing Manager,Brazil
198,Sula,Yitzhakov,225-45-8825,991-635-8372,Health Coach IV,Iran
199,Betsey,Denys,242-98-7941,551-237-6285,General Manager,Philippines
200,Lucio,Rossetti,588-57-9892,841-153-5888,Senior Sales Associate,Indonesia
201,Evin,Petegree,247-41-7132,491-403-5479,Structural Engineer,China
202,Leah,Paulet,560-56-4628,667-438-6305,Administrative Officer,Portugal
203,Erma,Everly,415-62-3448,653-672-9923,Quality Engineer,Thailand
204,Shandy,Burdytt,701-84-2663,130-909-7359,Administrative Assistant III,Myanmar
205,Karin,Dragoe,191-64-8580,416-581-5825,Design Engineer,Paraguay
206,Waverly,Kolakowski,163-49-2050,952-106-9590,Account Executive,China
207,Cole,Andresser,707-29-3407,482-632-0950,Help Desk Operator,Uzbekistan
208,Drake,Milborn,285-20-5701,386-784-4877,Quality Control Specialist,Mexico
209,Kellen,Luard,895-87-8395,996-177-2781,Accounting Assistant II,China
210,Kirsteni,Littlepage,374-22-8016,401-356-5883,Web Developer II,United States
211,August,FitzAlan,139-47-4742,810-788-7555,Office Assistant IV,Albania
212,Mildrid,Fenimore,704-82-5994,981-365-6807,Senior Cost Accountant,Czech Republic
213,Berny,Passe,859-95-4870,204-462-4312,Senior Developer,Nicaragua
214,Ilene,Dinesen,710-45-4120,353-633-6143,Actuary,Colombia
215,Wilmer,Laetham,241-26-5305,562-694-0160,Engineer I,Indonesia
216,Inge,Laffan,730-16-8370,125-697-8888,Staff Scientist,China
217,Isaiah,Hannah,649-65-6643,305-590-4810,Account Executive,China
218,Garv,Meynell,410-70-0491,615-556-3231,Financial Advisor,Philippines
219,Sande,Veall,462-35-9265,196-791-5549,Executive Secretary,Bolivia
220,Keefer,Leroux,507-21-3747,216-890-7129,Biostatistician III,Poland
221,Edik,Juschka,868-14-8143,409-659-6188,Health Coach IV,Philippines
222,Kassie,Gottschalk,211-58-6276,779-235-8411,Cost Accountant,Madagascar
223,Dorothea,Signorelli,363-83-1102,220-765-5297,Community Outreach Specialist,Brazil
224,Jacques,Sugars,646-77-3855,505-463-9181,Dental Hygienist,China
225,Abbott,Ilewicz,737-95-8558,841-789-9652,Accountant I,Portugal
226,Cookie,Marchington,378-29-3729,234-302-4175,Human Resources Manager,Russia
227,Linnea,Crayke,635-52-8207,246-485-2552,Data Coordiator,Ukraine
228,Silvano,Gregr,202-27-1422,802-624-0135,Business Systems Development Analyst,Philippines
229,Ransom,Battle,196-17-4544,135-512-0040,Office Assistant I,Nigeria
230,Maddy,Checchi,788-22-9139,130-593-9775,Research Associate,Russia
231,Mozelle,Bugs,506-86-6287,725-788-2931,Senior Financial Analyst,Ethiopia
232,Beale,Cannings,211-56-2881,137-385-1052,Senior Quality Engineer,Thailand
233,Demetra,McIlwaine,324-90-8515,651-975-7846,Electrical Engineer,Greece
234,Editha,Sinncock,460-69-3422,921-352-8629,Developer IV,China
235,Dannie,Wardale,792-94-3653,801-173-5662,VP Sales,Thailand
236,Salvatore,Brownlow,693-20-1925,777-548-7092,Assistant Manager,China
237,Jeanine,Dorset,552-61-4402,280-149-4746,Community Outreach Specialist,Russia
238,Kahlil,MacEveley,399-66-7884,151-548-9633,Staff Scientist,Czech Republic
239,Hendrika,Pawelke,490-09-4359,933-839-7920,Assistant Manager,China
240,Klemens,Fogg,749-29-2406,565-859-4282,Research Assistant II,Portugal
241,Alvinia,Alker,293-65-6996,702-266-8700,General Manager,Brazil
242,Jermain,Ducrow,567-01-5454,725-940-9133,Budget/Accounting Analyst I,Poland
243,Carey,Rushbrooke,225-41-6408,209-519-8216,Account Coordinator,Albania
244,Shell,Veart,880-40-3292,688-846-1634,Research Associate,China
245,Avril,Gilston,725-89-1637,330-424-7163,Programmer Analyst I,Portugal
246,Viviene,Tacey,434-85-4499,690-243-0023,Sales Representative,France
247,Kalvin,Slaymaker,436-33-8094,194-700-2269,Operator,Brazil
248,Carolin,Grimsley,189-11-5406,341-318-9117,Software Consultant,China
249,Lane,Guyer,100-71-8775,130-947-2273,Librarian,Indonesia
250,Dominga,Meni,552-11-2725,550-168-6769,Registered Nurse,China
251,Dode,Raspel,244-22-7509,894-141-9628,Marketing Assistant,Brazil
252,Amil,Treadaway,824-24-9572,351-767-1625,Mechanical Systems Engineer,Peru
253,Winne,Ransley,744-07-2768,352-307-3594,Recruiter,United States
254,Arabele,Stronge,322-85-8484,645-471-1446,Account Coordinator,Botswana
255,Latrina,Regnard,333-51-2455,240-541-0833,Clinical Specialist,Israel
256,Benn,Pithcock,194-28-8981,720-115-8180,Recruiter,China
257,Gil,Cogdon,826-47-4015,338-826-3029,VP Sales,China
258,Dita,Males,537-97-4594,308-411-4509,Marketing Assistant,China
259,Aimil,Stuther,815-84-9372,961-790-9574,Statistician I,Indonesia
260,Hillary,Basnall,869-76-7581,760-675-4628,Engineer III,China
261,Estell,Gagie,737-46-5850,753-214-4045,VP Quality Control,Indonesia
262,Burke,Spieck,142-43-4362,877-793-8938,Account Coordinator,Tunisia
263,Amberly,Boyton,156-52-6299,349-622-9694,Computer Systems Analyst III,Zimbabwe
264,Norine,Edgell,225-74-0031,691-948-3174,Software Test Engineer IV,China
265,Mabel,Bradman,212-05-3254,506-833-9275,Registered Nurse,Spain
266,Jeanne,Ridsdole,780-13-2820,632-139-4655,VP Accounting,Indonesia
267,Theodosia,Imm,643-45-3891,858-713-6803,Senior Editor,United States
268,Ammamaria,Halegarth,368-63-8891,349-508-9446,Help Desk Operator,Armenia
269,Elvis,Picardo,553-84-7874,309-301-9975,Budget/Accounting Analyst I,Poland
270,Jaymie,Girkin,845-09-5420,700-554-6004,Senior Developer,China
271,Sonia,Willshear,664-33-0641,342-251-3718,Administrative Assistant III,Serbia
272,Jarrod,Jedrzejewsky,692-08-8034,736-402-2091,Programmer IV,Ukraine
273,Reena,Creber,637-66-2104,818-436-9505,Nuclear Power Engineer,Iran
274,Joshia,Bocock,384-61-8154,432-443-4165,Senior Sales Associate,Brazil
275,Garrot,Hollerin,227-43-1637,401-283-4285,Research Associate,Indonesia
276,Daisie,Croxford,504-53-8476,867-494-7864,Account Representative IV,China
277,Hansiain,Dibb,426-39-8868,568-571-1778,Editor,Russia
278,Peggi,Pahl,395-87-0866,402-708-2911,Financial Analyst,Lebanon
279,Bartholomeo,Southard,626-57-7023,616-913-4996,Internal Auditor,China
280,Itch,Branston,102-41-3811,432-230-2627,Sales Associate,United States
281,Edeline,MacKintosh,791-52-8708,929-323-2299,Director of Sales,Argentina
282,Angelia,Giacaponi,350-48-9232,945-111-9094,Actuary,China
283,Idalia,Hurren,715-52-4481,888-907-3044,Software Engineer III,Brazil
284,Jocelin,Reinhardt,683-03-5105,515-179-3445,Actuary,Indonesia
285,Dominick,Bendel,462-20-4524,883-451-3827,Media Manager I,Morocco
286,Jordanna,Pulman,342-84-7943,421-116-3037,Health Coach III,Slovenia
287,Wallis,Ickovicz,772-86-5185,645-666-8841,Financial Advisor,Kosovo
288,Valentino,Mugridge,631-41-6808,774-671-8838,Operator,Argentina
289,Bronny,Prosser,241-26-6345,786-218-0294,Marketing Manager,Poland
290,Avivah,Nurdin,214-09-4223,827-321-1464,Structural Analysis Engineer,Kosovo
291,Igor,Brychan,337-37-6535,839-739-6029,Internal Auditor,Cuba
292,Bren,Grayne,864-70-4584,492-570-2971,Senior Editor,Japan
293,Shaun,Senter,578-91-4828,385-784-6591,Office Assistant IV,Philippines
294,Angelle,Charlesworth,370-76-2264,586-919-5083,Operator,Russia
295,Naomi,Todari,529-28-7030,187-542-1146,Librarian,Finland
296,Mair,Bushell,613-42-2658,359-263-4932,Software Consultant,Norway
297,Elwin,Debell,286-50-6625,858-975-5324,Actuary,Philippines
298,Eldin,Kless,887-96-6473,503-197-9505,Occupational Therapist,Georgia
299,Bear,Saunton,233-59-5608,839-329-9260,Nurse Practicioner,China
300,Olva,Furmenger,607-66-1189,165-913-8962,Accounting Assistant I,Italy
301,Kellsie,Ferrolli,401-51-2903,948-111-3419,Computer Systems Analyst I,Bangladesh
302,Jarib,Huggins,548-82-7335,910-785-6418,VP Accounting,Myanmar
303,Laurel,Ipsly,484-05-5884,586-563-7851,Programmer Analyst I,China
304,Gibbie,Gorhardt,635-40-6175,311-608-1784,Programmer I,Argentina
305,Darby,Gaynsford,748-76-1143,959-750-9059,Business Systems Development Analyst,South Korea
306,Fanchon,Dulieu,604-30-1480,168-546-2901,Quality Engineer,Dominican Republic
307,Letty,Rothermel,636-86-4424,926-305-5635,Structural Analysis Engineer,Philippines
308,Dione,Teresse,266-93-8960,949-758-7978,Health Coach II,Brazil
309,Cordula,Fishly,510-91-9399,676-424-0963,Research Associate,China
310,Shari,Brockelsby,680-33-4496,254-958-2758,Food Chemist,Poland
311,Pattin,Anthona,323-55-8097,264-419-3097,Geologist I,China
312,Haleigh,Bilson,364-04-7168,847-824-4621,Registered Nurse,China
313,Silvanus,Francesco,537-47-7884,500-767-2768,Financial Analyst,Indonesia
314,Bill,Piscopiello,220-48-0668,178-970-3824,Nurse,France
315,Linea,Conradsen,128-67-6375,769-695-2568,Analog Circuit Design manager,Turkey
316,Ambros,Gettings,873-66-5255,714-761-3650,Community Outreach Specialist,Greece
317,Rachel,Menpes,273-46-3699,645-799-6637,Computer Systems Analyst I,Mozambique
318,Ruddy,Crosi,279-74-6231,628-397-8957,Executive Secretary,Philippines
319,Kore,Danielian,197-76-1061,111-249-9263,Web Designer IV,Indonesia
320,Drona,Buttler,216-73-7394,160-537-0195,Geological Engineer,Portugal
321,Arvie,Eakle,321-75-8570,299-602-9217,Editor,Canada
322,Izabel,Capinetti,359-38-1544,409-969-2725,Senior Developer,Peru
323,Burnaby,Innis,588-07-8604,314-909-5071,Human Resources Assistant I,United States
324,Josy,Sailer,340-20-4841,210-139-7958,Project Manager,Poland
325,Dud,Bartosch,671-25-0946,156-154-3957,Software Engineer II,France
326,Ham,Daen,654-75-0602,312-683-9123,Staff Scientist,Ukraine
327,Joe,Roberto,581-40-3178,982-274-6968,VP Product Management,Australia
328,Gino,Adams,430-51-6802,264-528-4684,Project Manager,Ukraine
329,Brit,O'Shevlin,319-72-9043,693-297-5165,Help Desk Technician,Botswana
330,Annette,Templman,631-10-6002,322-198-8364,Social Worker,Vietnam
331,Nappy,Michin,211-54-4468,608-964-3721,Automation Specialist I,Azerbaijan
332,Shandie,Habbeshaw,190-06-5785,468-846-1512,Sales Associate,Kazakhstan
333,Neda,Heller,112-52-2261,193-303-9012,VP Accounting,Iran
334,Abran,Conisbee,574-11-4121,916-915-2286,Health Coach II,United States
335,Minda,Nutbeem,263-64-0112,633-913-2447,Product Engineer,Japan
336,Sanson,Baress,472-02-3540,922-853-9113,Marketing Manager,Indonesia
337,Samara,Smallwood,451-22-0039,157-363-5162,Payment Adjustment Coordinator,China
338,Shalne,Gildroy,848-58-2492,881-837-4339,Geological Engineer,New Zealand
339,Marchall,Calderhead,607-53-4406,574-499-6226,Structural Engineer,Finland
340,Agathe,Kalkhoven,409-46-7693,501-386-9492,Social Worker,Serbia
341,Lovell,Wallbrook,122-67-5053,641-845-1691,Help Desk Technician,Russia
342,Taylor,Paulsson,294-55-1608,368-414-4759,Systems Administrator III,Brazil
343,Zora,Redholes,284-65-7657,193-257-2600,Biostatistician II,Germany
344,Mimi,Buffery,615-18-3730,853-404-3563,Assistant Professor,Micronesia
345,Christina,MacIlhargy,479-14-9389,493-937-5743,Nurse,Russia
346,Mari,Fishley,443-37-6757,510-827-9334,Help Desk Operator,Greece
347,Kinna,Herley,148-19-8967,415-632-7933,General Manager,Russia
348,Sarita,Younge,774-81-1160,627-789-1915,Actuary,Indonesia
349,Carlo,Massot,222-37-9999,499-279-5749,Information Systems Manager,Indonesia
350,Coral,Duchenne,183-78-2088,826-752-9565,Safety Technician II,Thailand
351,Nefen,Vercruysse,684-66-6302,410-735-9530,Nurse,China
352,Camel,Oak,323-08-4897,114-125-8474,Research Assistant I,Russia
353,Bendick,Flecknell,351-60-9997,234-182-9518,Account Coordinator,Greece
354,Helen,Bodesson,573-12-3906,728-805-4722,Compensation Analyst,Indonesia
355,Valaree,Banbridge,782-91-5590,890-150-1289,Structural Engineer,Brazil
356,Caritta,Demschke,490-81-0916,797-324-8543,Nurse Practicioner,Peru
357,Glendon,Bentham3,624-39-0797,904-487-4562,Account Representative II,China
358,Pansy,Zebedee,833-91-9235,979-136-3814,Payment Adjustment Coordinator,Czech Republic
359,Penelopa,Malamore,419-17-0297,593-591-2979,Analyst Programmer,Serbia
360,Laure,Gleave,581-21-5200,971-645-8469,Programmer IV,Ghana
361,Milicent,Anglin,636-18-7627,971-506-7123,Actuary,Serbia
362,Magnum,O'Cahsedy,238-37-7791,172-975-4265,Database Administrator II,El Salvador
363,Romola,Andrysek,688-21-3819,456-521-5141,Systems Administrator II,Russia
364,Ana,Kimber,429-60-7591,858-531-6758,Computer Systems Analyst II,Pakistan
365,Ricca,McAlister,196-60-3473,210-826-7951,Financial Analyst,Sweden
366,Catie,Butterfill,224-99-2172,910-123-8521,Budget/Accounting Analyst III,China
367,Dal,Minear,532-62-5007,574-882-9046,Biostatistician III,France
368,Lewiss,McGenis,684-74-9426,290-998-5830,Technical Writer,Indonesia
369,Abeu,Laurent,663-70-6487,128-633-5211,Administrative Assistant IV,China
370,Reeva,Beadnell,251-92-5670,257-835-2432,Account Coordinator,Norway
371,Cullen,Gannicott,895-99-6651,337-191-2660,Help Desk Technician,Sweden
372,Adel,Buckwell,440-72-0283,631-922-2132,Desktop Support Technician,Hungary
373,Creigh,Ledram,378-01-4164,551-795-1711,Sales Representative,Indonesia
374,Aileen,Andrea,566-24-4543,949-757-0394,Chemical Engineer,Thailand
375,Drake,Margaritelli,123-19-4091,228-671-2285,Budget/Accounting Analyst III,Indonesia
376,Drucill,Seeley,147-26-4157,453-890-9273,Software Consultant,Russia
377,Nikolaus,Kingwell,888-55-6653,310-742-1080,Help Desk Operator,Mongolia
378,Ailsun,Ebbings,640-27-6958,973-985-3262,Programmer IV,China
379,Babbette,Conville,449-28-0618,789-400-4074,Staff Accountant I,Brazil
380,Belle,Adney,658-07-8878,316-235-6430,Analyst Programmer,Poland
381,Norris,Dobbison,819-34-9930,643-268-9233,Senior Developer,China
382,Noemi,O'Lenechan,345-05-3478,366-333-4567,Account Executive,Indonesia
383,Phillip,Rennles,871-38-1117,368-154-6256,Operator,Mexico
384,Kelley,Connal,523-15-5559,392-343-8945,Office Assistant III,Russia
385,Cacilie,Wilbud,367-67-2857,345-249-7046,Environmental Specialist,Indonesia
386,Dill,Worrell,879-74-4933,875-893-5909,Social Worker,Portugal
387,Marybelle,Claypool,612-71-8247,512-919-5897,Information Systems Manager,Russia
388,Gray,Flancinbaum,876-62-9882,996-975-6299,Help Desk Technician,Sweden
389,Moselle,Lawden,502-10-5501,596-771-5155,Senior Sales Associate,Moldova
390,Margery,Whitney,743-45-9347,738-569-7485,Budget/Accounting Analyst III,Poland
391,Rollin,Jaynes,614-24-7329,682-726-6098,Editor,France
392,Keelia,Champken,612-67-8991,325-938-2178,Office Assistant II,Norway
393,Ansell,Pastor,649-22-2081,530-928-0602,Pharmacist,France
394,Elvyn,Sturgeon,215-16-8625,485-150-0175,Staff Accountant I,Philippines
395,Maribeth,MacInerney,408-13-6460,513-542-5775,Mechanical Systems Engineer,Venezuela
396,Juli,Valti,188-82-4094,320-419-0606,Help Desk Technician,Russia
397,Wilma,Eddowis,227-47-3064,500-359-0571,Nurse Practicioner,Estonia
398,Tripp,Boshard,240-71-4077,722-719-9844,Account Representative I,Russia
399,Andrei,Hargraves,892-31-3018,621-169-0114,Marketing Manager,Sweden
400,Wolfgang,Gomery,599-40-3514,607-475-9294,Project Manager,Portugal
401,Hyatt,Kingsnoad,501-72-9092,415-874-8304,General Manager,Indonesia
402,Lizzie,Denyakin,104-17-4087,157-302-8445,Product Engineer,Finland
403,Nonie,Seckom,898-01-1263,987-836-6653,Director of Sales,Peru
404,Lucina,Keitley,590-57-9156,154-873-2872,Sales Associate,Ukraine
405,Jamey,Brecher,769-84-4810,986-386-6527,Marketing Manager,Philippines
406,Erina,Alessandrucci,201-48-1276,661-920-2177,Environmental Specialist,China
407,Allie,Tonkin,231-72-9000,503-939-4599,VP Product Management,China
408,Gunter,Pottle,518-01-7721,146-811-0530,Internal Auditor,Philippines
409,Webb,Deeprose,444-09-2296,769-525-7878,Pharmacist,China
410,Urson,Hauck,610-64-9937,993-467-8180,Pharmacist,China
411,Johann,Kyd,669-09-2670,993-212-6907,Analyst Programmer,Sweden
412,Emylee,Bown,891-13-7855,161-617-9653,Recruiter,China
413,Kristofor,Hurford,488-31-0421,461-496-6694,Analog Circuit Design manager,Norway
414,Gordon,Grendon,204-05-6876,591-430-7222,Electrical Engineer,Canada
415,Hastings,McDuall,558-72-2813,556-895-7808,Senior Financial Analyst,France
416,Daveen,Aloigi,214-86-5011,314-600-6693,Nurse Practicioner,China
417,Ruy,Commuzzo,334-83-8893,325-723-8629,Web Developer III,China
418,Melinde,Reichelt,232-10-5544,575-813-7211,Mechanical Systems Engineer,Bolivia
419,Keelby,Minelli,505-82-8267,612-625-1836,Programmer IV,France
420,Wilfred,Beardwell,147-61-4009,101-636-6811,VP Accounting,France
421,Reynolds,Martino,263-73-2527,234-863-1937,Registered Nurse,Japan
422,Muriel,Berrygun,766-37-3707,169-986-0228,Senior Financial Analyst,Philippines
423,Hubie,Viant,145-64-0838,619-490-3630,Structural Engineer,China
424,Hymie,Chastagnier,531-87-1312,526-305-8910,Senior Cost Accountant,China
425,Parrnell,Glyn,697-24-8779,515-558-9900,VP Quality Control,Belarus
426,Jake,McLucas,676-56-4084,795-487-4245,Geological Engineer,Democratic Republic of the Congo
427,Ayn,Penna,430-65-2322,565-159-3701,Developer III,North Korea
428,Leigh,McElrea,625-83-2021,921-827-1093,Librarian,Colombia
429,Kassi,Aiken,645-57-2296,409-396-3321,Nurse,Afghanistan
430,Hollis,Rubee,159-64-0124,550-130-4904,Developer III,Bangladesh
431,Wilona,Leddy,675-44-7495,315-166-7382,Senior Quality Engineer,Brazil
432,Arden,Gartenfeld,634-01-9344,871-852-5320,Clinical Specialist,China
433,Jenelle,O'Doohaine,385-92-5323,721-746-3745,Environmental Tech,China
434,Barnebas,Humm,123-71-1004,829-720-2761,Recruiting Manager,China
435,Teriann,MacNockater,810-55-3191,985-445-5545,Senior Developer,Poland
436,Sena,Hawksley,416-39-8849,338-359-6044,Financial Analyst,Ukraine
437,Harwilll,Hellwing,586-67-0022,133-528-1835,Quality Control Specialist,China
438,Chanda,Fanshaw,161-56-2592,952-117-1349,Assistant Manager,China
439,Loise,Milland,116-89-1406,746-857-8454,Senior Developer,Burkina Faso
440,Zebulen,Lowthian,567-88-9910,487-946-3316,Teacher,Philippines
441,Berton,Janc,412-93-0453,322-827-3730,Clinical Specialist,Poland
442,Josefa,Payze,693-66-7441,139-670-9479,Associate Professor,Philippines
443,Jeanine,Turvey,393-61-2591,531-934-3187,Staff Scientist,Indonesia
444,Hugues,Morby,254-25-7638,216-398-3489,Junior Executive,Indonesia
445,Ches,Peare,894-26-7113,186-836-0377,Software Test Engineer IV,Czech Republic
446,Tallie,Lowrey,514-03-7434,296-145-1186,Account Executive,China
447,Moreen,Lovemore,349-71-2531,553-828-0481,Social Worker,Switzerland
448,Kerry,Besnard,819-73-9135,417-252-6706,Account Coordinator,Indonesia
449,Jennette,Gummory,812-40-2780,687-366-6321,VP Marketing,France
450,Tobiah,Facey,187-46-9600,653-885-6667,Tax Accountant,Brazil
451,Garner,Ghilks,370-56-7949,621-876-2440,Software Consultant,China
452,Constantine,Housecroft,573-99-9426,921-526-2764,Senior Quality Engineer,Philippines
453,Hollyanne,Ratter,855-25-6723,583-315-1449,Librarian,Russia
454,Livvie,Burthom,284-84-5396,593-165-0548,Software Engineer I,Canada
455,Link,Fogg,585-24-7114,947-112-6721,Community Outreach Specialist,Canada
456,Corry,Carrett,697-63-2252,776-932-2864,Media Manager III,Indonesia
457,Tonie,Rupert,827-95-3724,585-724-7175,Office Assistant III,El Salvador
458,Mortie,Muldowney,432-05-1687,633-861-0794,Associate Professor,Czech Republic
459,Babbette,De La Hay,708-70-5948,542-975-1371,Recruiting Manager,Peru
460,Flss,Phateplace,395-74-2727,801-532-1134,Registered Nurse,Cuba
461,Hurley,Hayller,481-83-1314,492-361-5968,Occupational Therapist,Mexico
462,Demetris,Aristide,572-27-3336,128-874-8047,Food Chemist,Gambia
463,Flss,Hechlin,517-67-7216,257-867-9150,Director of Sales,Poland
464,Maribelle,Scaysbrook,833-71-1164,435-964-6770,Research Nurse,Indonesia
465,Cherlyn,Guage,300-99-8944,890-718-9084,Environmental Specialist,Mexico
466,Melamie,Raiker,424-60-8519,109-105-8485,Developer III,Afghanistan
467,Wit,Adelsberg,164-29-9857,114-770-3543,Senior Quality Engineer,Canada
468,Stearne,Taye,484-43-3250,908-431-3560,Product Engineer,Sweden
469,Helyn,Rosborough,344-03-1759,503-977-8488,Assistant Manager,Philippines
470,Loreen,Ochiltree,848-78-5146,482-717-7648,VP Quality Control,Indonesia
471,Zarah,Todd,134-90-7053,504-486-6864,Senior Editor,United States
472,Linoel,Noar,413-35-8353,901-226-0912,Associate Professor,Spain
473,Ricoriki,Winkless,458-80-9638,248-983-6916,Food Chemist,Russia
474,Patience,Wilflinger,331-09-8993,199-441-0494,Marketing Manager,China
475,Cliff,Leverich,687-32-5026,624-173-8702,Actuary,Jamaica
476,Sherilyn,Goldhawk,199-25-6845,910-771-8288,Cost Accountant,South Africa
477,Chucho,Burnitt,454-12-8575,442-484-4540,Help Desk Operator,China
478,Celestyn,Rowlin,547-64-5411,596-405-6367,Office Assistant I,China
479,Emmalynne,Ladley,323-71-7631,226-901-3477,Graphic Designer,Cameroon
480,Hyman,Sarney,638-72-9879,727-509-0324,Actuary,Brazil
481,Elvina,Atmore,282-91-8331,828-408-6182,Geological Engineer,Canada
482,Beck,Jansik,696-70-1414,815-674-8975,Automation Specialist I,China
483,Illa,Scarborough,576-98-6416,798-587-8812,VP Product Management,Bosnia and Herzegovina
484,Rori,Rolland,330-40-8768,202-522-3725,Help Desk Technician,United States
485,Cele,Struss,696-81-9646,641-452-4756,Senior Editor,Japan
486,Mercy,Kew,526-89-0868,118-252-1320,Help Desk Technician,China
487,Giovanni,Zoanetti,430-98-1833,454-346-0285,General Manager,China
488,Temp,Sandle,111-94-6822,726-734-6108,Biostatistician I,China
489,Daren,Yurivtsev,190-84-1089,549-828-5676,Engineer I,Indonesia
490,Joscelin,Cabbell,206-28-9068,181-828-1702,Software Consultant,Brazil
491,Jervis,Chatell,342-98-4092,241-124-6996,Graphic Designer,Philippines
492,Corilla,Klemz,334-81-9616,286-369-3911,Actuary,Canada
493,Britt,Somerton,886-39-8591,140-687-6284,Physical Therapy Assistant,China
494,Prisca,Ferrucci,541-80-2844,519-812-0088,Business Systems Development Analyst,Luxembourg
495,Daron,Gatiss,706-51-7153,663-818-3077,Data Coordiator,Russia
496,Sarine,Gallardo,386-35-9791,359-128-1261,Pharmacist,Indonesia
497,Myrvyn,Bevir,486-53-1775,697-473-7121,Office Assistant I,Mongolia
498,Burnard,Durbyn,681-05-2311,694-655-7693,Accounting Assistant I,Russia
499,Fremont,Labuschagne,546-58-6255,865-474-1911,Design Engineer,Mexico
500,Nikita,Roisen,572-36-7624,961-931-6629,Geological Engineer,France
501,Annabal,Anderbrugge,857-86-0076,710-677-1533,Product Engineer,Colombia
502,Emmalynne,Le Teve,165-48-2203,459-795-4145,Account Representative I,China
503,Elnar,Binley,824-58-3192,921-831-1158,Civil Engineer,Russia
504,Bobby,Adamovitch,378-35-8510,483-778-3428,Food Chemist,Russia
505,Pate,Jahner,548-06-5040,679-812-6402,VP Marketing,Indonesia
506,Madison,Scroggie,899-37-8011,525-518-7725,Help Desk Operator,China
507,Gunilla,Revell,469-79-0961,568-521-4647,Cost Accountant,China
508,Hatty,Ryves,462-49-2200,166-861-8959,Biostatistician III,Iran
509,Ninnette,Drache,497-82-9720,766-471-8797,Marketing Manager,Brazil
510,Tann,Tourle,247-64-6343,581-927-9576,Civil Engineer,Brazil
511,Chandra,Trazzi,320-42-8520,391-770-0409,Senior Editor,China
512,Michaella,Gilbody,462-25-5769,391-961-4073,Electrical Engineer,China
513,Leanora,Shelly,379-76-1058,386-523-2198,Computer Systems Analyst III,Brazil
514,Alysia,Gossipin,731-79-8618,207-366-9189,Staff Scientist,Sweden
515,Willow,Gandley,332-68-1771,527-496-5709,Nurse Practicioner,Philippines
516,Trip,Trownson,174-58-2876,490-641-6239,Marketing Assistant,China
517,Willey,Waleworke,314-74-2548,800-684-6242,Senior Developer,Sweden
518,Wylie,Cree,546-44-5118,525-809-4565,Chemical Engineer,France
519,Casandra,Monnery,680-58-6963,496-246-3937,Nurse,China
520,Jesselyn,Roelofs,816-79-3717,188-899-9038,Analyst Programmer,Poland
521,Shurlock,Mille,595-80-7864,469-894-1030,Actuary,China
522,Liza,Ridge,122-02-7891,381-685-4924,Structural Analysis Engineer,Canada
523,Diann,Yedy,256-92-6137,555-137-5928,Programmer I,China
524,Cassandre,Brockhouse,864-88-8976,523-847-8934,Account Coordinator,Canada
525,Ekaterina,Dowker,809-64-1849,820-324-1290,Social Worker,Brazil
526,Son,Gainsborough,291-92-9849,234-966-3014,Information Systems Manager,Lithuania
527,Sherlocke,Pykett,157-92-5749,709-713-9621,Account Executive,Brazil
528,Archibaldo,Grishanov,184-73-7130,815-723-6764,Data Coordiator,Argentina
529,Hamlen,Cottle,835-80-6922,452-706-1294,Cost Accountant,Poland
530,Stearn,Stihl,514-24-2213,911-329-7323,Recruiting Manager,Yemen
531,Karalee,Josse,606-94-9746,262-545-6286,Accountant I,United States
532,Leeland,Jent,127-57-2609,899-320-4583,Financial Advisor,Malaysia
533,Fara,Deppen,492-62-5459,968-929-2958,Budget/Accounting Analyst III,Syria
534,Gabriele,Slewcock,287-77-1690,148-775-0913,Senior Developer,Norfolk Island
535,Rana,Trobridge,673-90-5433,755-263-6405,Developer III,Poland
536,Harrison,Warin,576-99-7197,319-649-2546,Senior Quality Engineer,Indonesia
537,Arty,Tangye,546-45-4098,155-271-0107,Recruiter,China
538,Gale,Grisedale,708-37-0779,726-224-2391,Analyst Programmer,France
539,Romain,O'Calleran,513-12-5778,724-837-8481,Junior Executive,Philippines
540,Ellene,Holston,562-30-3869,587-909-3861,Help Desk Technician,Philippines
541,Willette,Pennazzi,147-11-0643,606-728-1538,Statistician I,United Kingdom
542,Karlan,Ceschi,407-94-9557,677-941-6814,Help Desk Operator,Bosnia and Herzegovina
543,Noach,Hawken,245-87-3062,952-970-8313,Programmer Analyst IV,Sweden
544,Evonne,McVie,250-11-6806,563-906-5232,Nurse,Sweden
545,Adiana,Sahlstrom,265-60-8999,911-323-3705,Librarian,China
546,Christyna,Josefer,293-36-2305,924-301-5652,Structural Engineer,Indonesia
547,Mildred,Braunstein,762-91-0146,993-602-0430,Pharmacist,Indonesia
548,Alysia,Gonnard,702-26-1637,160-523-2708,Environmental Tech,Azerbaijan
549,Brendan,McAllan,799-62-6078,725-877-6237,Senior Financial Analyst,Ukraine
550,Wilt,Dangl,619-19-9001,245-335-9182,Account Executive,Canada
551,Brenna,Beedham,681-47-9436,165-340-4129,Design Engineer,Netherlands
552,Jorie,Sirmond,832-51-6516,921-894-3462,Accountant III,Portugal
553,Olva,Vlasov,498-75-4694,331-450-5671,VP Marketing,Thailand
554,Shaine,Temblett,505-58-1655,560-606-7182,Media Manager III,France
555,Madalyn,Gernier,532-16-2994,663-467-9561,Web Developer I,Russia
556,Land,Phizakarley,208-05-4007,160-862-8747,Assistant Manager,Libya
557,Cesaro,Presdie,848-08-1669,191-606-7745,Accounting Assistant II,Indonesia
558,Chelsy,Clipston,396-59-1549,928-886-4996,Product Engineer,Bosnia and Herzegovina
559,Rheta,Squires,514-46-2834,507-190-2993,Help Desk Technician,Nepal
560,Babara,Anderl,690-35-5266,419-830-0766,Assistant Professor,China
561,Ailene,Weekly,587-90-2516,995-760-5770,Mechanical Systems Engineer,Indonesia
562,Brand,Ludye,140-25-0528,299-246-5182,Senior Sales Associate,Brazil
563,Rayner,Jahncke,196-49-5146,125-603-1386,Help Desk Operator,Poland
564,Merwin,Gale,637-41-4618,705-885-0785,Senior Cost Accountant,Philippines
565,Essy,Kilford,655-63-4772,556-221-3605,Human Resources Manager,Malaysia
566,Ondrea,Stenner,629-82-4295,311-378-5845,Media Manager II,Philippines
567,Arnuad,Schulze,732-87-5005,900-833-2188,Project Manager,Latvia
568,Packston,Samper,556-51-1519,844-772-2262,Nurse,Indonesia
569,Jody,Shirrell,316-47-1034,994-407-2070,Programmer Analyst III,Greece
570,Albie,Cuxon,422-73-2422,204-439-6634,Payment Adjustment Coordinator,China
571,Mile,Gashion,241-25-6403,718-683-6987,VP Marketing,Colombia
572,Cara,Killingbeck,641-67-3205,908-742-4503,Executive Secretary,China
573,Haily,Poulsom,610-59-6445,704-218-1503,Research Assistant II,Indonesia
574,Zilvia,Cortnay,788-57-1567,120-641-5240,Health Coach I,United Kingdom
575,Melisent,Conklin,233-57-0649,182-891-2975,Human Resources Assistant IV,China
576,Patten,Giddens,892-27-7628,284-304-5068,Librarian,China
577,Elvin,Landal,890-24-0171,724-397-4977,VP Marketing,Russia
578,Petra,Bertolaccini,183-71-6795,744-238-0798,Assistant Manager,Egypt
579,Cami,Maddick,278-82-5899,950-875-1510,Software Engineer II,Yemen
580,Corliss,Nodes,541-31-1304,672-422-3241,VP Quality Control,Indonesia
581,Hamil,Lettson,160-18-2540,642-397-2041,Analog Circuit Design manager,Japan
582,Sheila,Fairbanks,500-40-2495,403-472-8309,Assistant Professor,Russia
583,Mona,Smallpeace,274-01-7960,829-509-3066,Associate Professor,Philippines
584,Filberte,Riatt,206-51-2653,840-963-0044,Librarian,Indonesia
585,Kelcey,Wall,306-18-2538,894-912-0397,Office Assistant III,Indonesia
586,Molli,Gill,453-56-2348,335-903-9908,Budget/Accounting Analyst II,Brazil
587,Nat,Picheford,311-34-1483,591-631-6895,Chief Design Engineer,China
588,Daisie,Minichi,264-72-3321,488-584-5860,Internal Auditor,Greece
589,Ashley,Huske,530-77-2302,169-464-8182,Environmental Specialist,Philippines
590,Wernher,McIndrew,413-97-9537,469-378-0465,Systems Administrator II,Indonesia
591,Ulrick,Stanyforth,401-66-8330,651-227-3362,GIS Technical Architect,Bhutan
592,Glad,Schimoni,610-90-1907,587-809-2381,Systems Administrator II,Burkina Faso
593,Brendon,Pendred,714-94-2979,833-700-0590,Speech Pathologist,Japan
594,Korie,Potzold,407-75-0800,550-873-7925,Safety Technician II,Indonesia
595,Fran,Lanfear,640-63-2270,100-764-3021,Database Administrator IV,China
596,Leontine,Jeckells,642-79-4287,610-552-2588,Research Assistant II,Brazil
597,Dasya,Picknett,724-91-9670,530-356-9382,Software Consultant,Myanmar
598,Margarethe,Broomhall,203-22-0353,255-247-6048,Librarian,Sweden
599,Culley,Weddeburn - Scrimgeour,731-19-9043,417-172-9184,Administrative Assistant IV,Sweden
600,Sharleen,Cockson,282-31-6545,921-262-4038,Data Coordiator,Indonesia
601,Tomi,Nares,419-52-0119,296-261-6143,Nurse,Namibia
602,Zitella,Eplate,438-94-5235,759-129-0889,Cost Accountant,Ireland
603,Stacie,Lohde,134-98-3508,779-351-3356,Computer Systems Analyst III,Indonesia
604,Sigfrid,Yeend,608-07-3863,479-912-0223,Compensation Analyst,Poland
605,Maynord,Karolyi,753-18-8821,548-330-8307,Executive Secretary,Ukraine
606,Flem,Hurton,781-37-8181,612-725-0731,Web Designer II,Philippines
607,Mona,Lampett,283-63-1762,985-876-5684,Mechanical Systems Engineer,China
608,Denney,Penchen,372-44-2937,646-645-7957,Physical Therapy Assistant,Indonesia
609,Josy,Pilmoor,353-08-9960,922-729-4967,Chemical Engineer,Paraguay
610,Rhianon,Jouning,330-33-5770,932-113-2000,Research Associate,Brazil
611,Jolynn,Sowthcote,178-02-6833,876-116-9628,Help Desk Technician,Argentina
612,Carrol,Reyner,329-53-8843,740-407-2789,Safety Technician I,Poland
613,Sandye,Brankley,230-56-0605,382-363-2438,Senior Quality Engineer,Argentina
614,Evan,Mulleary,583-81-5528,179-526-7879,Senior Financial Analyst,Mongolia
615,Cathi,Ellaway,395-92-6339,235-557-1503,Senior Financial Analyst,Ukraine
616,Annora,Phillott,400-10-0836,955-255-5376,Human Resources Assistant II,Cameroon
617,Land,Lissaman,749-10-2002,873-173-1963,Internal Auditor,Lithuania
618,Hetti,Farquarson,765-99-3852,461-614-9226,Software Test Engineer IV,Thailand
619,Garik,Roll,336-56-1264,161-632-7358,Accounting Assistant II,Russia
620,Denni,MacBrearty,435-39-9530,716-690-2230,Chief Design Engineer,Palestinian Territory
621,Vinny,Fairbridge,850-16-0165,118-494-8474,Business Systems Development Analyst,Ireland
622,Benson,Brunnen,541-27-4320,902-471-2535,GIS Technical Architect,Venezuela
623,Barnabas,Gehring,165-89-0708,660-603-5527,Occupational Therapist,Mexico
624,Tori,Ainslee,168-83-2066,664-623-8463,Safety Technician I,Indonesia
625,Grover,Austick,188-26-3444,233-814-6278,Clinical Specialist,Yemen
626,Mattheus,Stoop,881-59-5866,505-377-9657,Account Representative III,Brazil
627,Ericka,Aukland,672-19-7717,368-247-3567,Dental Hygienist,Greece
628,Pete,Smout,432-01-9545,550-631-4020,Occupational Therapist,Ukraine
629,Morley,Kinnear,738-12-6555,779-681-0323,Developer IV,Czech Republic
630,Lilllie,Chaikovski,551-76-4796,466-422-2928,Structural Engineer,Philippines
631,Arlena,Adolphine,573-52-4921,655-129-8997,Assistant Manager,Czech Republic
632,Stephan,Cosyns,416-30-4010,974-851-1035,Senior Sales Associate,Afghanistan
633,Otto,Candie,874-23-1187,405-390-7835,VP Accounting,Japan
634,Ivor,Antonutti,434-19-1728,882-597-6820,Quality Control Specialist,Finland
635,Brinna,Quinnelly,456-97-6917,746-729-5894,Systems Administrator III,Poland
636,Billy,Tregust,562-40-1139,583-255-6665,Recruiter,Slovenia
637,Chandal,Gardner,310-57-1492,365-463-8594,Programmer Analyst II,Indonesia
638,Brande,Wardington,844-90-0840,204-997-9422,Business Systems Development Analyst,Thailand
639,Carlynn,Petroulis,589-71-2087,288-663-6250,Assistant Manager,Japan
640,Eal,Bloyes,501-11-4582,607-492-2609,Director of Sales,Peru
641,Cacilia,Daintry,469-92-2396,116-784-5346,Office Assistant II,Sweden
642,Junina,Meddick,176-79-7103,586-844-4590,Help Desk Operator,Laos
643,Ervin,Eames,809-03-8722,430-943-2525,Web Developer I,China
644,Elbertina,Cousen,624-02-6561,492-184-1049,Assistant Professor,Iran
645,Shel,Messer,422-28-6270,706-593-5174,Librarian,Norway
646,Shaylynn,MacCaffrey,576-34-9952,589-765-9206,Account Executive,Indonesia
647,Tabatha,Sommerville,849-27-7810,713-938-3082,Social Worker,Germany
648,Caty,McQuorkell,112-73-8808,493-256-0600,Analyst Programmer,Philippines
649,Drucie,Tumulty,402-36-2605,484-528-3334,Web Developer I,China
650,Cyndie,Mitchiner,670-02-1428,648-943-1775,Desktop Support Technician,Malaysia
651,Wolfie,Joutapavicius,498-24-7972,425-491-5063,Paralegal,Russia
652,Karoline,Jouhandeau,138-61-1232,612-616-4505,GIS Technical Architect,Indonesia
653,Sada,Curphey,825-80-1564,517-266-8913,Programmer Analyst IV,Thailand
654,Launce,Plenderleith,220-72-1937,777-530-3753,Senior Financial Analyst,Brazil
655,Maurise,Stodd,743-90-9466,579-840-2848,Compensation Analyst,Russia
656,Yoshiko,Archer,791-96-6486,663-816-5419,Analog Circuit Design manager,Indonesia
657,Ferdie,Sayle,329-27-5237,151-826-0548,Recruiting Manager,Portugal
658,Sharron,Keighley,157-38-6274,575-647-4369,Programmer Analyst III,Japan
659,Ephrayim,Chelam,328-18-8042,747-282-8765,Occupational Therapist,China
660,Lefty,MacKey,315-26-9103,417-668-6686,Chief Design Engineer,Canada
661,Kerrin,Sprowell,855-77-8341,406-821-9912,Research Nurse,China
662,Yul,Peirone,260-05-5257,172-391-6904,Administrative Officer,Indonesia
663,Joellyn,Chastney,725-42-9685,122-650-8481,Compensation Analyst,China
664,Roosevelt,Selway,566-07-9146,513-771-6171,Database Administrator III,Philippines
665,Bron,Etheredge,886-36-5461,731-804-2759,Cost Accountant,Indonesia
666,Melinde,McGucken,604-77-0047,739-761-0854,GIS Technical Architect,Russia
667,Brenn,Baptist,873-01-1590,326-898-1548,Payment Adjustment Coordinator,Indonesia
668,Johny,MacLese,685-19-9971,816-639-2791,Cost Accountant,Peru
669,Tony,Newcomen,709-31-7227,460-642-4818,VP Accounting,Canada
670,Pieter,Waye,174-34-3731,750-213-4327,Structural Engineer,Japan
671,Cristy,Refford,447-41-3735,988-865-0056,Sales Associate,Israel
672,Elsinore,Mattek,799-48-2482,429-637-4009,Help Desk Technician,Indonesia
673,Tobe,Walbridge,515-56-9546,995-913-1158,Paralegal,Syria
674,Maxy,Sallowaye,576-35-1397,934-663-4490,Software Engineer I,Philippines
675,Shanan,Hulbert,340-56-4620,172-303-9475,Business Systems Development Analyst,Japan
676,Annemarie,Cuddon,165-80-0452,139-870-7972,Senior Quality Engineer,Bulgaria
677,Kathie,Gyppes,800-96-5758,137-514-4381,Accountant I,China
678,Merrielle,Jelliman,595-86-3844,457-683-2735,Analog Circuit Design manager,Japan
679,Lilas,Jovasevic,405-31-6493,233-536-5631,Community Outreach Specialist,Finland
680,Jannel,Wapple,824-54-4124,592-476-3098,Executive Secretary,Colombia
681,Jammie,Argontt,613-07-0234,117-223-5965,Tax Accountant,Philippines
682,Josias,Bossel,773-81-7646,727-302-7778,Assistant Media Planner,Poland
683,Lucienne,Arnott,609-01-3694,144-817-0878,Design Engineer,Argentina
684,Jammal,Coan,104-64-2974,219-773-7007,Senior Quality Engineer,Germany
685,Aubry,Filipczak,355-15-2346,682-452-1875,Legal Assistant,Slovenia
686,Fairfax,Dearl,298-55-4041,522-135-1731,Chemical Engineer,Indonesia
687,Margaretha,Piatto,196-68-0238,680-352-6082,Health Coach II,Brazil
688,Omar,Packington,462-88-0228,794-530-9653,Senior Developer,China
689,Trueman,Chishull,248-51-7698,545-479-1257,Help Desk Operator,Croatia
690,Emelita,Wicklen,119-96-0748,746-772-1476,Food Chemist,Egypt
691,Town,Bridgewater,166-91-9952,816-842-9864,Budget/Accounting Analyst III,Swaziland
692,Tarra,Pendlington,125-79-0085,496-165-4708,Assistant Media Planner,Czech Republic
693,Sella,O'Carney,393-18-2485,711-679-0111,Geological Engineer,Belarus
694,Cris,Datte,448-99-2935,616-821-8689,GIS Technical Architect,Morocco
695,Fara,Bazley,657-53-1465,634-498-4511,Environmental Tech,Poland
696,Zonnya,Harsant,470-66-0267,526-382-4294,Help Desk Technician,Tunisia
697,Carry,Heimes,404-76-8567,581-599-4626,Analog Circuit Design manager,Peru
698,Antin,Osbiston,539-50-9739,255-271-4326,Food Chemist,Russia
699,Odella,Cahn,194-08-2198,647-787-7621,Food Chemist,China
700,Beth,Mattityahou,662-71-5555,273-853-9786,Recruiting Manager,France
701,Kristine,Conibere,536-50-4416,335-126-9136,Account Executive,China
702,Hugh,Hadkins,543-47-0755,868-525-7837,Staff Scientist,Samoa
703,Janaye,Scandwright,624-76-5483,657-675-4047,Biostatistician IV,China
704,Maddy,Hails,556-14-9905,505-359-9918,Assistant Professor,Japan
705,Myrah,Blune,216-89-0664,124-534-6418,Executive Secretary,Thailand
706,Herby,Maitland,827-35-4353,864-493-9300,Social Worker,China
707,Mirella,Olin,384-89-4309,335-350-0661,VP Marketing,Indonesia
708,Peggie,Wickling,823-99-4140,326-290-6833,Chemical Engineer,China
709,Correy,Adamczyk,409-25-3175,367-536-0180,Paralegal,Russia
710,Brinn,Beaze,683-95-2637,450-896-4054,Teacher,Russia
711,Doretta,Caustick,764-30-1151,420-424-7621,Speech Pathologist,France
712,Billie,Greystock,664-51-3023,590-938-9298,Project Manager,Vietnam
713,Birgit,Akeherst,196-38-6768,630-902-4514,Research Associate,Brazil
714,Klement,Lygoe,703-29-3424,615-321-9066,Electrical Engineer,Sweden
715,Paulette,Pavlik,548-80-5601,580-887-9148,Senior Editor,Tunisia
716,Gabe,Torrijos,210-09-5809,956-476-4126,Recruiter,Portugal
717,Michal,Goodacre,621-50-4639,799-762-8646,Automation Specialist IV,Philippines
718,Natividad,Papaminas,753-81-0691,240-847-3392,Staff Accountant III,Uganda
719,Ammamaria,Seawell,868-88-4556,112-110-9982,Web Developer III,China
720,Noel,Spillard,294-53-8485,392-685-9858,Environmental Tech,Iran
721,Janene,Foxhall,355-69-4428,591-754-3631,Assistant Manager,Cuba
722,Corey,Besnardeau,679-07-1216,417-773-4408,Assistant Professor,China
723,Jillane,Glavin,875-62-6558,274-667-9722,Assistant Manager,Afghanistan
724,Gamaliel,Redwall,119-58-0538,763-955-8945,Engineer II,Philippines
725,Darlene,Kasparski,798-25-6069,669-564-3625,Dental Hygienist,Israel
726,Mort,Maron,321-71-9825,621-508-6260,Systems Administrator III,Russia
727,Jada,Lagden,584-95-6701,286-541-2891,Civil Engineer,Colombia
728,Olenka,Iacobini,872-73-3831,318-435-0862,Internal Auditor,China
729,Marty,Schultheiss,214-45-3041,157-675-2197,Product Engineer,Philippines
730,Reena,De Vaux,509-26-1055,225-187-2761,VP Product Management,Indonesia
731,Berry,Janko,649-52-3488,180-483-3291,Administrative Assistant III,Portugal
732,Nicol,Baumler,168-80-0073,190-877-0743,Engineer III,Indonesia
733,Ania,Winmill,813-29-8844,478-341-5484,Help Desk Technician,Peru
734,Caty,Clerke,898-10-6140,787-523-8951,VP Marketing,China
735,Sonya,Seers,117-34-7973,328-641-5089,Design Engineer,France
736,Lyndsie,Tourry,378-78-8797,335-432-1773,Nurse Practicioner,Indonesia
737,De,Antonio,816-66-5959,954-800-2775,Information Systems Manager,China
738,Clovis,Antony,872-62-4479,661-522-7265,Geological Engineer,United States
739,Annabal,Minichillo,722-04-0491,112-835-7710,Safety Technician I,Portugal
740,Maura,Coniam,185-98-6786,250-929-4698,Community Outreach Specialist,Philippines
741,Sibel,Cheshire,852-07-1582,756-511-7097,Occupational Therapist,Albania
742,Alberto,Grundon,473-36-4059,533-950-3894,Sales Representative,Greece
743,Rowland,Frensche,571-96-6401,334-357-1535,Social Worker,Czech Republic
744,Maryann,Maxworthy,695-41-7112,115-991-2539,Data Coordiator,Latvia
745,Tobias,Earles,415-17-8795,587-154-2956,Assistant Media Planner,Tunisia
746,Hewitt,Frascone,554-43-5167,717-802-4231,VP Product Management,Sweden
747,Marget,Connelly,886-77-2424,488-804-4601,Marketing Assistant,China
748,Rolland,Growcott,527-54-7212,515-161-6325,Administrative Assistant III,China
749,Ethel,Cowhig,116-19-8589,173-569-2049,General Manager,Mexico
750,Emmaline,Fruchter,271-81-6599,312-324-5270,Nurse,Guatemala
751,Mikel,Spirritt,117-03-4177,185-557-2418,Payment Adjustment Coordinator,Philippines
752,Justis,McAirt,347-88-1318,382-818-6394,Legal Assistant,Thailand
753,Percival,Allmark,719-91-3161,247-172-1389,Director of Sales,Indonesia
754,Tuck,Jojic,679-25-5803,851-203-2210,GIS Technical Architect,China
755,Carlos,Farrell,743-69-8641,799-570-5679,Legal Assistant,Indonesia
756,Berkly,Braben,867-23-8580,747-848-2680,VP Product Management,China
757,Kristy,Hanham,132-94-3837,710-160-8738,Chemical Engineer,Indonesia
758,Trish,Udey,575-03-4257,892-363-5778,Senior Quality Engineer,Russia
759,Brigit,Turfs,155-66-4607,815-643-1451,Nurse Practicioner,North Korea
760,Isabelita,Fountian,746-62-4071,504-544-3729,Dental Hygienist,China
761,Marv,Burl,208-94-1671,854-353-9944,Administrative Officer,Russia
762,Bernie,Goering,271-18-3183,256-534-1228,Mechanical Systems Engineer,Greece
763,Teri,Langcastle,283-31-0891,697-566-4222,Desktop Support Technician,Chad
764,Edmon,Boardman,171-48-5274,359-738-2092,Recruiting Manager,Poland
765,Kissie,Saltsberg,640-45-9387,337-987-7511,Director of Sales,Sweden
766,Lanny,Lutwidge,803-27-6671,996-486-0631,Community Outreach Specialist,Pakistan
767,Wernher,Lathwood,248-56-8982,569-513-9811,Marketing Manager,Iran
768,Marthena,Everson,365-09-6575,406-250-2205,Geological Engineer,Japan
769,Phillie,Chaffyn,134-39-6905,307-407-0187,Operator,Philippines
770,Willie,Edinburough,860-54-8548,750-782-6506,Actuary,Mexico
771,Randolf,Marciek,617-03-8518,585-922-9440,Payment Adjustment Coordinator,Portugal
772,Vin,Kimbrey,588-06-5567,218-340-0414,Accounting Assistant I,Philippines
773,Thain,Whitlam,675-09-8447,762-845-9797,Environmental Specialist,Russia
774,Cicily,Wolpert,119-98-2613,968-489-9354,Research Assistant III,Indonesia
775,Barny,Harte,724-03-1749,579-171-6045,Project Manager,Israel
776,Leroy,Lewin,402-62-6417,676-726-4355,Paralegal,Philippines
777,Mela,De Anesy,361-41-2372,324-404-7963,Statistician III,Philippines
778,Bobbie,Treven,272-70-9706,456-241-6606,Business Systems Development Analyst,Brazil
779,Lorita,Farmar,798-81-5683,624-753-0973,Structural Analysis Engineer,Russia
780,Rolland,Truckell,845-76-3511,731-803-5023,Actuary,China
781,Deanna,Walewicz,141-58-0136,605-230-8238,Physical Therapy Assistant,Pakistan
782,York,Gatesman,428-57-2969,656-755-3887,Engineer III,Indonesia
783,Iolanthe,Stain,215-76-3160,412-794-2228,Legal Assistant,Russia
784,Emanuel,Fritchly,265-62-3940,945-681-7792,Account Executive,Latvia
785,Base,O' Reagan,873-27-4495,614-858-2106,Pharmacist,United States
786,Ashil,Comelini,643-75-6434,119-439-1822,Web Designer II,Russia
787,Frances,Thomann,559-72-6171,568-455-8423,Web Designer II,Greece
788,Ludvig,Kittoe,692-21-2116,872-866-6127,General Manager,Norway
789,Dennison,Labbett,329-72-0886,673-596-3051,Programmer III,Indonesia
790,Trip,Minget,407-61-4094,148-226-4061,Computer Systems Analyst III,Chile
791,Arlen,Valentinuzzi,646-39-6333,982-321-3959,Environmental Tech,France
792,Muffin,Bealing,416-81-3223,808-771-9183,Engineer II,China
793,Blinni,Cattemull,560-71-9647,958-610-1025,Geological Engineer,Canada
794,Isobel,Aspray,750-45-7437,302-843-1135,Senior Editor,Bulgaria
795,Emmalyn,Dowson,295-39-9372,364-984-0626,Editor,Brazil
796,Lyndsay,Allcoat,232-70-4828,478-647-6519,General Manager,China
797,Geraldine,Langeren,547-67-7769,762-675-2604,Executive Secretary,Portugal
798,Cosme,Duny,182-46-8498,980-989-3539,Internal Auditor,Bolivia
799,Florina,Titcombe,376-59-7177,536-601-3319,Nurse Practicioner,Indonesia
800,Olivero,Kinneally,784-62-9190,492-134-8127,Software Consultant,Mexico
801,Giraud,Clericoates,391-13-4106,336-274-6055,Accountant III,Russia
802,Shaun,O'Sheeryne,454-89-3325,574-545-7671,Information Systems Manager,United States
803,Gallagher,Vidgeon,109-67-0108,534-417-5225,Graphic Designer,Slovenia
804,Merla,Eade,302-11-1897,828-976-8839,Clinical Specialist,Argentina
805,Marcus,Louiset,365-93-6689,951-248-0636,Accounting Assistant IV,Norway
806,Sterne,Gammage,402-49-1688,870-106-1037,Design Engineer,Philippines
807,Denis,Easby,601-73-4329,426-533-1113,Physical Therapy Assistant,Russia
808,Karney,Keiley,892-85-3400,421-932-5260,Staff Accountant II,Thailand
809,Emyle,Duckerin,776-88-8829,925-742-6594,Statistician III,Russia
810,Laraine,Sommerlie,880-32-8156,677-590-3460,Editor,France
811,Matteo,Agnew,156-03-3874,787-427-1514,Associate Professor,Morocco
812,Donaugh,Henriquet,155-26-4325,615-580-0958,Food Chemist,Russia
813,Brice,Brotheridge,481-90-3041,846-623-0588,Payment Adjustment Coordinator,Brazil
814,Janifer,Hanway,380-36-4680,723-867-0100,Quality Engineer,Vietnam
815,Brenna,Cruess,449-08-6975,859-644-7190,Geological Engineer,China
816,Cariotta,Ballam,339-44-7244,869-148-9482,Environmental Tech,China
817,Consuela,Dimbleby,368-84-8651,496-196-4370,Recruiting Manager,Philippines
818,Kali,Inglese,426-24-5878,263-686-9810,Media Manager I,China
819,Quincy,Greger,725-84-5500,233-727-2377,Pharmacist,Philippines
820,Delinda,Wingar,211-85-4608,511-653-0225,Chief Design Engineer,Greece
821,Karia,Winfindale,774-22-5517,638-140-2240,Internal Auditor,China
822,Joelle,Bleaden,282-28-1584,968-638-4311,Internal Auditor,Kenya
823,Koralle,Grand,289-29-1950,447-968-2628,Assistant Manager,French Guiana
824,Carina,Normansell,146-39-2882,396-448-7442,Internal Auditor,France
825,Wally,Press,816-89-1487,538-827-6617,Recruiter,China
826,Gerick,Glew,884-87-4282,765-777-1763,Computer Systems Analyst III,Cameroon
827,Janela,Piotr,268-45-6467,987-890-0171,Project Manager,Sweden
828,Tandy,Ahmed,192-01-4057,652-589-1213,Social Worker,Ireland
829,Cristionna,Kearle,122-21-1951,904-241-7400,Statistician III,Czech Republic
830,Keen,Hanratty,390-32-4074,184-617-6334,Help Desk Technician,Argentina
831,Rupert,Stoner,731-26-6199,304-370-8210,Programmer Analyst III,Brazil
832,Findley,Woodrooffe,326-34-5121,152-477-3405,Administrative Assistant IV,China
833,Xylia,Wolstenholme,757-54-2703,950-203-1963,Social Worker,Spain
834,Teddie,Thewles,346-14-4862,450-497-3950,Junior Executive,Albania
835,Jethro,Wissbey,435-96-8414,164-516-0684,Legal Assistant,Portugal
836,Prudy,Callicott,811-76-2747,490-465-4640,Senior Financial Analyst,China
837,Constantina,Futcher,808-02-1727,986-282-2853,Safety Technician II,Canada
838,Maxie,Martindale,710-58-8447,444-144-6752,Analog Circuit Design manager,Sweden
839,Ettie,Symmons,452-25-0985,168-721-4772,Quality Engineer,Poland
840,Joey,Domleo,627-73-1579,933-328-2405,Environmental Tech,Albania
841,Ernaline,Kuhnel,559-50-2140,869-922-0509,Quality Control Specialist,Philippines
842,Jared,Elliston,839-52-0451,337-224-8533,Mechanical Systems Engineer,Indonesia
843,Danya,Blackway,477-83-7902,109-267-7898,Tax Accountant,Indonesia
844,Benni,Fraschetti,391-16-3452,154-716-6492,Marketing Manager,Poland
845,Janene,Snell,862-88-8405,558-621-9383,Internal Auditor,Colombia
846,Fancy,Guitton,552-34-8500,988-671-2271,Community Outreach Specialist,China
847,Maiga,McEvay,533-41-6382,717-701-6143,Project Manager,Poland
848,Trent,Marriot,526-80-6779,513-483-8002,Social Worker,Mongolia
849,Toby,Brumbye,693-69-5153,117-328-0609,Computer Systems Analyst III,Philippines
850,Joella,Varns,607-07-3400,616-428-8961,Editor,United States
851,Aurie,Scriver,221-66-0719,160-733-1796,Senior Editor,Kazakhstan
852,Ibbie,Kleis,608-62-1078,869-528-2396,Operator,China
853,Marc,Bulman,516-13-1873,694-824-7102,Programmer I,Greece
854,Tricia,Yong,280-39-4854,609-161-0993,Quality Control Specialist,Mongolia
855,Reamonn,Whitters,526-99-2574,227-360-7464,Statistician IV,China
856,Dahlia,Hutchence,566-11-9501,700-500-6367,Payment Adjustment Coordinator,Serbia
857,Maximilian,Yewman,773-32-0125,195-122-5921,Human Resources Manager,Indonesia
858,Hillie,Surman,381-36-5001,920-403-2263,Budget/Accounting Analyst II,China
859,Trace,Davidof,593-67-7397,717-548-4415,Director of Sales,Canada
860,Georges,Cuolahan,713-27-6015,478-635-9082,Nurse Practicioner,China
861,Chance,Formoy,782-85-0392,601-947-9751,Design Engineer,Peru
862,Beaufort,Drowsfield,841-32-1789,996-840-6347,Account Executive,Indonesia
863,Morgen,Domerq,550-49-4354,668-188-6053,Health Coach I,Uruguay
864,Kristoffer,Wasmuth,885-02-8545,802-817-2594,Developer IV,Peru
865,Lars,Pitkin,864-91-8808,270-771-0592,Environmental Specialist,Russia
866,Antonina,Garrand,661-02-9045,464-951-8397,Pharmacist,China
867,Micky,Eliez,334-32-3721,564-657-2297,Project Manager,Canada
868,Robena,Bather,875-19-9040,809-980-2811,Developer II,China
869,Mathew,Macauley,386-37-0429,556-628-5356,Administrative Assistant III,China
870,Britteny,Pikett,610-52-2035,860-682-3890,Account Coordinator,Nigeria
871,Jeni,Trenoweth,483-68-0174,394-233-9477,Senior Financial Analyst,Indonesia
872,Lilas,Brumhead,349-45-1865,973-420-0368,General Manager,China
873,Edik,Brunsen,347-82-7369,310-307-1887,Senior Quality Engineer,China
874,Victoria,Lines,560-68-9710,922-682-2842,Senior Cost Accountant,Indonesia
875,Mavra,Pointer,496-68-5506,222-590-6253,Marketing Assistant,Ukraine
876,Odette,Dobbyn,554-60-6812,542-512-1321,Computer Systems Analyst IV,Portugal
877,Sharron,Denisovo,489-25-3887,780-522-1449,Geological Engineer,Portugal
878,Angelique,Straneo,775-70-0614,932-740-5305,Biostatistician III,China
879,Marice,Paskerful,472-26-3892,288-491-1677,Marketing Assistant,Indonesia
880,Brnaby,Folder,460-15-5365,429-476-8334,Quality Control Specialist,Brazil
881,Giovanna,Denisyuk,896-67-0311,176-713-5756,Internal Auditor,Mexico
882,Consuela,Garvill,420-66-8538,494-627-0024,Software Test Engineer IV,Philippines
883,Tally,Sanderson,459-28-0003,331-837-0821,Safety Technician IV,Indonesia
884,Ethelyn,Stoke,638-43-0339,341-606-3176,General Manager,Russia
885,Nikola,Ebbetts,109-47-2310,148-973-7489,Senior Financial Analyst,Russia
886,Zarah,Willisch,885-94-1988,227-402-0163,Nuclear Power Engineer,Egypt
887,Jana,Benitez,718-98-7888,547-763-7855,Senior Editor,Indonesia
888,Leighton,Robardley,337-73-5218,669-306-6266,Nuclear Power Engineer,France
889,Ortensia,Mogie,693-14-1286,382-358-9685,Associate Professor,Mexico
890,Mathilda,Castanos,782-02-0002,886-594-7942,Mechanical Systems Engineer,Brazil
891,Ricky,Henriksson,668-96-0374,679-633-0313,Chemical Engineer,Sweden
892,Cullan,Ide,495-64-1540,637-327-9885,Geological Engineer,Japan
893,Angelica,Arrigo,768-86-2008,609-720-4817,Product Engineer,Indonesia
894,Thorsten,McCarlich,409-12-4038,380-574-7089,Technical Writer,China
895,Elisha,Caughan,656-46-3071,989-331-3528,Chief Design Engineer,Afghanistan
896,Doralyn,Bissell,325-89-7934,503-223-2091,Quality Engineer,United States
897,Selma,Spire,580-02-1000,903-125-6420,Editor,Argentina
898,Mozelle,Leyson,504-53-2291,875-715-1852,Professor,Indonesia
899,Lonni,Houlson,145-79-7032,399-789-5638,Marketing Assistant,Greece
900,Ferguson,Nulty,480-77-0744,697-951-1668,Chemical Engineer,China
901,Eloise,Theobald,437-31-4168,997-586-1478,Product Engineer,Japan
902,Nissa,Euston,543-26-3088,489-967-0024,Senior Editor,France
903,Harwilll,Straneo,592-48-9976,416-965-8061,Civil Engineer,Serbia
904,Terrence,Dobrovolski,117-28-2738,962-777-5633,Dental Hygienist,China
905,Gilles,Remington,172-93-9545,249-117-2204,Compensation Analyst,Lithuania
906,Fredrick,Mableson,517-49-0308,998-559-1527,Account Executive,China
907,Deb,Malan,254-83-9300,486-122-2857,Mechanical Systems Engineer,Guatemala
908,Tate,Doutch,373-66-5234,493-914-1739,Legal Assistant,China
909,Rollins,Tabbernor,686-23-8862,966-501-8983,Graphic Designer,Greece
910,Mandy,Kirkbride,472-29-9817,331-919-0977,Structural Analysis Engineer,Sweden
911,Ode,Steffens,810-47-2913,693-174-6689,Assistant Professor,Bolivia
912,Camey,Eglaise,703-72-4237,352-403-6070,Financial Advisor,Indonesia
913,Daren,Bogey,487-61-5561,109-167-5490,Help Desk Technician,Palestinian Territory
914,Susanne,Wisdom,621-45-2123,332-778-0644,Sales Associate,Georgia
915,Isaiah,Haglinton,336-73-7237,393-376-7043,Librarian,Peru
916,Corrie,Thresher,585-85-9619,453-398-8052,Analyst Programmer,Kazakhstan
917,Zaria,Lattey,390-23-4270,575-989-8332,Software Consultant,Thailand
918,Winnifred,Hinchon,294-74-8304,608-765-3596,Assistant Media Planner,Russia
919,Stavro,Burlay,852-52-4026,189-908-6130,Account Executive,China
920,Emily,De Micoli,686-82-3513,396-603-6207,Mechanical Systems Engineer,Portugal
921,Kienan,O'Donnell,770-04-9943,334-435-7971,Help Desk Technician,Colombia
922,Arluene,Blain,193-94-7679,737-967-3232,Electrical Engineer,Poland
923,Marve,Bachelor,105-96-8970,392-214-9896,Associate Professor,China
924,Isaac,Ewell,570-73-7625,872-941-9300,Help Desk Technician,China
925,Elsinore,MacGrath,133-46-0005,553-100-2320,Junior Executive,Russia
926,Emelen,Stollberger,772-39-1336,472-399-7950,Analog Circuit Design manager,Philippines
927,Merle,Beazleigh,496-12-8304,555-329-2984,Desktop Support Technician,China
928,Kylynn,Kelley,216-51-5737,733-236-8025,VP Quality Control,Philippines
929,Nolan,Clubley,243-22-6577,555-608-9140,Programmer Analyst II,Sweden
930,Horacio,Buckenhill,543-45-6538,427-127-1821,Human Resources Assistant I,Austria
931,Natalya,Campey,829-10-3858,326-479-3686,Sales Representative,Croatia
932,Janean,Geane,817-19-4376,263-606-4826,Web Designer I,China
933,Jeffie,Fabbri,678-88-7000,139-110-4265,Electrical Engineer,China
934,Deeyn,Bollis,343-13-8985,847-633-0924,Civil Engineer,United States
935,Chelsey,Wase,138-87-7477,496-659-0073,GIS Technical Architect,China
936,Irwinn,Madgwich,802-62-2430,531-674-0873,Physical Therapy Assistant,Canada
937,Husein,Murthwaite,726-60-1753,673-503-6061,Budget/Accounting Analyst III,Slovenia
938,Alexia,Matchitt,561-48-0799,593-855-2312,Staff Scientist,Honduras
939,Allina,Hutcheon,656-50-8220,864-752-1475,VP Marketing,Niue
940,Lizzie,Seeler,148-01-1711,609-417-0545,Chemical Engineer,China
941,Albertina,Ech,831-61-6960,871-118-1654,Developer I,Brazil
942,Puff,Elldred,740-30-6486,593-949-6139,Compensation Analyst,Madagascar
943,Fina,Halpine,294-07-2634,449-117-2853,Payment Adjustment Coordinator,Moldova
944,Nerita,Brise,625-20-0111,686-520-1616,Registered Nurse,Indonesia
945,Grantley,Yearn,851-51-0294,663-813-2766,Speech Pathologist,China
946,Annadiana,Wharmby,143-75-9726,125-623-7926,Financial Analyst,Philippines
947,Janice,Fillon,530-86-1493,661-484-5760,Senior Developer,China
948,Darrelle,Vasyunin,346-19-7871,578-916-7605,Safety Technician II,Sweden
949,Ingeborg,Iacopo,579-78-7582,591-218-7457,Environmental Specialist,China
950,Rusty,Doige,146-08-5686,539-429-1858,Payment Adjustment Coordinator,China
951,Gilles,Hair,677-31-6846,342-959-3423,Quality Control Specialist,Brazil
952,Wolfgang,Kefford,202-08-0215,554-437-3179,Account Executive,Indonesia
953,Wilhelmine,Gilbody,660-50-6593,495-860-2586,Recruiting Manager,Iran
954,Archy,Cammell,609-21-4458,872-472-1149,General Manager,China
955,Ellissa,Kibbel,213-48-5116,282-724-3587,Developer III,Indonesia
956,Thaddus,Betjeman,726-01-6972,923-900-2066,Research Associate,China
957,Lena,Cooke,315-01-8977,407-627-8203,Human Resources Manager,Uzbekistan
958,Cherie,Frizzell,489-67-8534,497-542-8171,Web Developer I,Russia
959,Wilfrid,Porker,637-15-2205,783-691-9552,Sales Associate,Finland
960,Diandra,Richold,337-02-8822,838-414-4081,General Manager,Haiti
961,Filberto,Deares,525-95-5996,832-799-5568,Graphic Designer,Indonesia
962,Olvan,Downes,755-11-9521,375-105-7679,Senior Sales Associate,Russia
963,Sonnnie,Brickstock,313-22-1392,557-722-1182,Product Engineer,Saint Vincent and the Grenadines
964,Caesar,Blagburn,836-36-6167,992-294-6169,Technical Writer,Mexico
965,Desi,Daintier,699-01-3023,291-243-1991,Design Engineer,Madagascar
966,Jinny,Ivakin,397-45-5066,957-113-4699,Statistician II,China
967,Valencia,Heild,269-06-1465,675-415-7480,Occupational Therapist,China
968,Claudette,Lowndsborough,680-62-4398,528-461-9971,Administrative Assistant III,Philippines
969,Joscelin,Robelow,546-39-3875,850-410-3253,Administrative Assistant IV,United States
970,Osgood,Petofi,241-22-2535,244-564-4089,Desktop Support Technician,Bulgaria
971,Gwennie,Jefford,598-34-2070,219-461-9205,Data Coordiator,China
972,Audrye,Hairon,183-36-6439,488-464-6159,Recruiter,Poland
973,Tamera,Flann,588-30-9399,432-846-8528,Senior Editor,Colombia
974,Ursa,Hardage,133-20-8355,626-704-5200,Statistician IV,United States
975,Melessa,Sprason,599-26-0070,235-156-8847,Assistant Professor,China
976,Nike,Guiden,840-16-8405,164-214-2147,Dental Hygienist,Indonesia
977,Kellen,Bealton,524-52-2487,103-959-7129,Information Systems Manager,Russia
978,Dalt,Michelle,659-24-8236,237-920-5612,VP Marketing,Philippines
979,Kristien,Schubbert,186-01-0011,383-291-8703,Editor,Russia
980,Ewell,Pierucci,113-75-2320,461-714-7379,Professor,Spain
981,Raina,Atto,251-89-7941,871-720-1005,Geologist III,Russia
982,Saunderson,Aston,675-15-0764,355-722-3358,Legal Assistant,Honduras
983,Veronike,Prigg,418-59-5715,417-211-8948,Human Resources Manager,Peru
984,Mareah,Varns,725-94-1900,788-278-0833,Data Coordiator,Italy
985,Randa,Sante,796-68-8654,659-416-0041,Information Systems Manager,Dominican Republic
986,Kaiser,Barlee,558-88-5971,743-531-7492,Information Systems Manager,China
987,Bill,Noone,108-26-9777,962-137-2871,Marketing Assistant,New Zealand
988,Cam,Cassel,466-76-9052,740-129-3351,Payment Adjustment Coordinator,Brazil
989,Eal,Tilzey,238-24-8554,299-927-7540,Electrical Engineer,China
990,Steward,Arkil,591-73-9760,738-488-6783,Legal Assistant,Czech Republic
991,Katti,Paolotto,156-05-9751,567-583-3233,VP Marketing,Peru
992,Anica,Creamer,739-99-1938,600-997-4196,Project Manager,Sweden
993,Salomon,Whitcomb,699-73-6711,569-206-4939,Associate Professor,China
994,Loraine,Helliwell,384-74-9833,518-313-4435,Paralegal,Russia
995,Sheppard,Reubens,442-55-5308,934-391-5276,Assistant Media Planner,Philippines
996,Ario,Cessford,496-65-4432,918-122-4495,Administrative Assistant III,China
997,Phillipe,Napier,451-82-8656,883-902-9879,Sales Associate,Indonesia
998,Lesli,Peascod,378-09-2762,619-611-4138,Cost Accountant,China
999,Dorey,Sharple,157-86-0233,864-495-3417,Structural Analysis Engineer,Philippines
1000,Kara,Mitford,183-37-7803,263-566-8052,Safety Technician I,Tanzania
